STT Goc,Ma Kho 2,Tinh,Ten Cua Hang,Dia Chi,Link Map,Toa Do
1641,"3696","Hồ Chí Minh","BHX_HCM_GVA - 44 Phạm Văn Chiêu","44 Phạm Văn Chiêu, Phường 8, Quận Gò Vấp, Thành Phố Hồ Chí Minh, Việt Nam","https://maps.app.goo.gl/TGPRkrMmJkZodMAh6",""
1642,"9079","Hồ Chí Minh","BHX_HCM_GVA - 965/1 Quang Trung","Tầng 965/1 Quang Trung, Phường 14, Quận Gò Vấp, Thành phố Hồ Chí Minh, Việt Nam","https://maps.app.goo.gl/Fmd7znbtgjLitmMw6",""
1647,"2108","Hồ Chí Minh","BHX_HCM_BCH - D11/5 Quách Điêu","D11/5 Quách Điêu, ấp 4, Xã Vĩnh Lộc A, Huyện Bình Chánh, Thành phố Hồ Chí Minh, Việt Nam","https://maps.app.goo.gl/RtGAehqc2CEvcoA67",""
1648,"2113","Hồ Chí Minh","BHX_HCM_BCH - A9/13 Đường 1A (Vĩnh Lộc B)","A9/13 Đường 1A, Xã Vĩnh Lộc B, Huyện Bình Chánh, Thành phố Hồ Chí Minh, Việt Nam","https://maps.app.goo.gl/A5sZ9gcFkWyUu8EG9",""
1649,"2115","Hồ Chí Minh","BHX_HCM_BCH - A8/17 Đường 1A","A8/17 Đường 1A, Ấp 1, Xã Vĩnh Lộc B, Huyện Bình Chánh, Thành phố Hồ Chí Minh, Việt Nam","https://maps.app.goo.gl/b23HeyTXT9cqNYT27",""
1651,"2337","Hồ Chí Minh","BHX_HCM_BCH - C5/5E Dân Công Hỏa Tuyến","C5/5E Dân Công Hỏa Tuyến, Xã Vĩnh Lộc A, Huyện Bình Chánh, Thành phố Hồ Chí Minh, Việt Nam","https://maps.app.goo.gl/6jy7RfV6x7H1BRLNA",""
1652,"2403","Hồ Chí Minh","BHX_HCM_BCH - E1/2 Ấp 5 (Vĩnh Lộc B)","E1/2 ấp 5, Xã Vĩnh Lộc B, Huyện Bình Chánh, Thành phố Hồ Chí Minh, Việt Nam","https://maps.app.goo.gl/LqvSBnGiD9DP63os6",""
1653,"2442","Hồ Chí Minh","BHX_HCM_BCH - 225 Hưng Nhơn","225 Hưng Nhơn, ấp 3, Xã Tân Kiên, Huyện Bình Chánh, Thành phố Hồ Chí Minh, Việt Nam","https://maps.app.goo.gl/PCvrC6RiJrZ3XyX27",""
1655,"2596","Hồ Chí Minh","BHX_HCM_BCH - B14/12/2-B14A/13A/1L Cây Cám","B14/12/2 – B14A/13A/1L Cây Cám, Ấp 2C, Xã Vĩnh Lộc B, Huyện Bình Chánh, Thành phố Hồ Chí Minh, Việt Nam","https://maps.app.goo.gl/DKLaMRxRfeWH1a6B9",""
1656,"2794","Hồ Chí Minh","BHX_HCM_BCH - B11B/13F Võ Văn Vân","B11B/13F Võ Văn Vân, Ấp 2A, Xã Vĩnh Lộc B, Huyện Bình Chánh, Thành phố Hồ Chí Minh, Việt Nam","https://maps.app.goo.gl/E5UTvzUoydd7E8rT6",""
1657,"2808","Hồ Chí Minh","BHX_HCM_BCH - D13/43 Đường 18B","D13/43 Đường 18B Bình Chánh, Ấp 4, Xã Bình Chánh, Huyện Bình Chánh Việt Nam","https://maps.app.goo.gl/s546rX5oGjSxtW2i6",""
1658,"2842","Hồ Chí Minh","BHX_HCM_BCH - A3/38 Liên Ấp 123","A3/38 Liên Ấp 123, Xã Vĩnh Lộc A, Huyện Bình Chánh, Thành Phố Hồ Chí Minh, Việt Nam","",""
1659,"2858","Hồ Chí Minh","BHX_HCM_BCH - D11/4A Đoàn Nguyễn Tuấn","D11/41A, Đoàn Nguyễn Tuấn, Ấp 4, Xã Hưng Long, Huyện Bình Chánh, Thành Phố Hồ Chí Minh  , Việt Nam","https://maps.app.goo.gl/Wp393xxJNBCDjMtF7",""
1660,"2900","Hồ Chí Minh","BHX_HCM_BCH - 222B/7DGV Ấp 2 (An Phú Tây)","222B/7DGV ấp 2, xã An Phú Tây, huyện Bình Chánh, Thành phố Hồ Chí Minh, Việt Nam","https://maps.app.goo.gl/Af3tngXQuwaX5v8y8",""
1661,"3069","Hồ Chí Minh","BHX_HCM_BCH - D16/40B/1 Ấp 4 (Hưng Long)","D16/40B/1, ấp 4, xã Hưng Long, huyện Bình Chánh, Thành Phố Hồ Chí Minh, Việt Nam","https://maps.app.goo.gl/a33xm5Zbo14ZkzLV9",""
1666,"3369","Hồ Chí Minh","BHX_HCM_BCH - F1/13 Vĩnh Lộc","F1/13 đường Vĩnh Lộc, ấp 6, xã Vĩnh Lộc A, huyện Bình Chánh, thành phố Hồ Chí Minh, Việt Nam","https://maps.app.goo.gl/ytyosiJ4jvDxAJxUA",""
1667,"3370","Hồ Chí Minh","BHX_HCM_BCH - F1/68 Hưng Long","F1/68 Ấp 6 xã Hưng Long, huyện Bình Chánh, Thành phố Hồ Chí Minh, Việt Nam","https://maps.app.goo.gl/1sPoW1daaRHVNVXi8",""
1668,"3418","Hồ Chí Minh","BHX_HCM_BCH - 3A73/1 Ấp 3 Phạm Văn Hai","3A73/1 ấp 3, xã Phạm Văn Hai, huyện Bình Chánh, Thành phố Hồ Chí Minh, Việt Nam","https://maps.app.goo.gl/zX1Kv4JFoJv5wgYv5",""
1669,"3547","Hồ Chí Minh","BHX_HCM_BCH - C7/2-C7/3 Phạm Hùng","C7/2-C7/3 Phạm Hùng, Ấp 4A, xã Bình Hưng, huyện Bình Chánh,Thành Phố Hồ Chí Minh, Việt Nam","https://maps.app.goo.gl/E57Jq5GYXkepN2Z79",""
1670,"3711","Hồ Chí Minh","BHX_HCM_BCH - A2/22 Trần Đại Nghĩa","A2/22 Trần Đại Nghĩa, Ấp 4, Xã Tân Kiên, Huyện Bình Chánh, Thành phố Hồ Chí Minh, Việt Nam","https://maps.app.goo.gl/X8an8hH21X2rywhu6",""
1671,"3759","Hồ Chí Minh","BHX_HCM_BCH - A13/1 Qui Đức","A13/1, ấp 01, xã Qui Đức, huyện Bình Chánh, Thành Phố Hồ Chí Minh, Việt Nam","https://maps.app.goo.gl/v6Pr1izJAwB3tR8v5",""
1674,"3852","Hồ Chí Minh","BHX_HCM_BCH - 04 Phạm Hùng","04 Phạm Hùng, ấp 4, xã Bình Hưng, Huyện Bình Chánh, Thành Phố Hồ Chí Minh, Việt Nam","https://maps.app.goo.gl/ddXDz7ovdVzHx6Tx7",""
1677,"4594","Hồ Chí Minh","BHX_HCM_BCH - F2/29 Liên Ấp 2-6 (Vĩnh Lộc A)","F2/29 Đường Liên Ấp 2-6, Ấp 6B, Xã Vĩnh Lộc A, Huyện Bình Chánh, Thành Phố Hồ Chí Minh, Việt Nam","https://maps.app.goo.gl/EGJhvQuTgeqgxqb79",""
1680,"4677","Hồ Chí Minh","BHX_HCM_BCH - F7/9 Trần Văn Giàu","F7/9 Trần Văn Giàu, Ấp 6, Xã Lê Minh Xuân, Huyện Bình Chánh, Thành Phố Hồ Chí Minh, Việt Nam","https://maps.app.goo.gl/Y4u7WfqCpxATdvmN8",""
1683,"5004","Hồ Chí Minh","BHX_HCM_BCH - D1/10C Nguyễn Thị Tú","D1/10C Nguyễn Thị Tú, Ấp 4, Xã Vĩnh Lộc B, Huyện Bình Chánh, Thành Phố Hồ Chí Minh, Việt Nam","https://maps.app.goo.gl/XP12s6LZ45MRZfwUA",""
1684,"6725","Hồ Chí Minh","BHX_HCM_BCH - E3/89B Phong Phú","E3/89B - E3/89/1, Ấp 5, Xã Phong Phú, Huyện Bình Chánh, Thành Phố Hồ Chí Minh, Việt Nam","https://maps.app.goo.gl/3ehp2zuUzZo8P2MD8",""
1685,"6851","Hồ Chí Minh","BHX_HCM_BCH - 1/23 Tân Quý Tây","1/23 Ấp 4, Xã Tân Quý Tây, Huyện Bình Chánh, Thành Phố Hồ Chí Minh, Việt Nam","https://maps.app.goo.gl/PRQ9SGR8srqRYfcj9",""
1686,"7167","Hồ Chí Minh","BHX_HCM_BCH - E9/11 Thới Hòa","E9/11-E9/11A Thới Hòa, Ấp 5, Xã Vĩnh Lộc A, Huyện Bình Chánh, Thành phố Hồ Chí Minh, Việt Nam","https://maps.app.goo.gl/eres5Af7nHJgnFsT8",""
1688,"7279","Hồ Chí Minh","BHX_HCM_BCH - F1/59A Vĩnh Lộc A","Số F 1/59A Ấp 6, Xã Vĩnh Lộc A, Huyện Bình Chánh, Thành phố Hồ Chí Minh, Việt Nam","https://maps.app.goo.gl/c82F1Lj1LjuJZ9Xi9",""
1689,"7549","Hồ Chí Minh","BHX_HCM_BCH - 2Z Đường Số 10 (Bình Hưng)","Số 2Z-2Y-2X-2W-2V-2U Đường số 10, xã Bình Hưng, huyện Bình Chánh, Thành phố Hồ Chí Minh, Việt Nam","https://maps.app.goo.gl/fFrCc4sikzNisvu97",""
1691,"7770","Hồ Chí Minh","BHX_HCM_BCH - A5/6/1 Liên Ấp 123","A5/6/1 đường Liên Ấp 1,2,3, ấp 1, xã Vĩnh Lộc B, Huyện Bình Chánh, Thành phố Hồ Chí Minh, Việt Nam","https://maps.app.goo.gl/wU13jcDNtWwnBjdf8",""
1692,"7790","Hồ Chí Minh","BHX_HCM_BCH - C9/3A Phạm Hùng","C9/3A Phạm Hùng, Ấp 4, Xã Bình Hưng, Huyện Bình Chánh, Thành phố Hồ Chí Minh, Việt Nam","https://maps.app.goo.gl/bvEeqTnj3pt71zcR9",""
1693,"8535","Hồ Chí Minh","BHX_HCM_BCH - Thửa 436 (Chợ Phú Lạc)","Số B5/119D ấp 2, Xã Phong Phú, Huyện Bình Chánh, Thành Phố Hồ Chí Minh, Việt Nam","https://maps.app.goo.gl/EFzqRAhjUdYXBoGB8",""
1695,"8730","Hồ Chí Minh","BHX_HCM_BCH - E4/1 Tân Túc","số E4/1 - E4/1C, khu phố 5, Thị trấn Tân Túc, Huyện Bình Chánh, Thành Phố Hồ Chí Minh, Việt Nam","https://maps.app.goo.gl/wwmSdkozcqKt29NWA",""
1700,"9226","Hồ Chí Minh","BHX_HCM_BCH - An Phú Tây","222 An Phú Tây - Hưng Long, ấp 2, Xã An Phú Tây, Huyện Bình Chánh, Thành phố Hồ Chí Minh, Việt Nam","https://maps.app.goo.gl/DbUHKKDdGJydnwwZ7",""
1702,"9287","Hồ Chí Minh","BHX_HCM_BCH - F1/1 Lê Minh Xuân","số F1/1, Ấp 6, Xã Lê Minh Xuân, Huyện Bình Chánh, Thành phố Hồ Chí Minh, Việt Nam","https://maps.app.goo.gl/4sgXEawLo88X8okz5",""
1703,"9378","Hồ Chí Minh","BHX_HCM_BCH - Bình Hưng (4B)","Số 57, Đường số 9A, Khu dân cư Trung Sơn, Ấp 4B, Xã Bình Hưng, Huyện Bình Chánh, Thành phố Hồ Chí Minh, Việt Nam","https://maps.app.goo.gl/7BqKkDb7axXo3Jir8",""
1704,"9449","Hồ Chí Minh","BHX_HCM_BCH - Qui Đức","C7/5 - C7/6 Ấp 3, Xã Qui Đức, Huyện Bình Chánh, Thành phố Hồ Chí Minh, Việt Nam","https://maps.app.goo.gl/88hiSN1XC21cbgRe6",""
1708,"10186","Hồ Chí Minh","BHX_HCM_BCH - Vĩnh Lộc B","959 - 961 - 963 đường Vĩnh Lộc, Ấp 6A, Xã Vĩnh Lộc B, Huyện Bình Chánh, Thành phố Hồ Chí Minh, Việt Nam","https://maps.app.goo.gl/fqKgLh1MGuNnLtGk7",""
1709,"10345","Hồ Chí Minh","BHX_HCM_BCH - Vĩnh Lộc A (Thửa đất 686)","B1/23UH ấp 2, Xã Vĩnh Lộc A, Huyện Bình Chánh, Thành phố Hồ Chí Minh, Việt Nam","",""
1710,"12943","Hồ Chí Minh","BHX_HCM_BCH - Valora Mizuki","Số 61 Đường số 4, Khu dân cư Nguyên Sơn, Ấp 3A, Xã Bình Hưng, Huyện Bình Chánh, Thành phố Hồ Chí Minh, Việt Nam","https://maps.app.goo.gl/htZC1ssgX519Qqby6",""
1714,"27905","Hồ Chí Minh","BHX_HCM_BCH - Lovera Vista","Số 2 Đường số 19 Khu định cư số 4, Ấp 3, Xã Phong Phú, Huyện Bình Chánh, Thành phố Hồ Chí Minh, Việt Nam","https://maps.app.goo.gl/cnNeRgqxiQzVGjK99",""
1716,"6022","Hồ Chí Minh","BHX_HCM_CGI - 375/2 Đào Cử","375/2 Đào Cử, Ấp Miễu Nhì, Thị Trấn Cần Thạch, Huyện Cần Giờ, Thành phố Hồ Chí Minh, Việt Nam","https://maps.app.goo.gl/kdXLPhH4GzcjNrz68",""
1717,"9508","Hồ Chí Minh","BHX_HCM_CGI - Long Hòa","1286 Duyên Hải , ấp Đồng Tranh , Xã Long Hòa , Huyện Cần Giờ , Thành phố Hồ Chí Minh , Việt Nam","https://maps.app.goo.gl/GRFa1feMBr8GLQro9",""
1718,"9509","Hồ Chí Minh","BHX_HCM_CGI - Lý Nhơn","476 - 478 Dương Văn Hạnh, ấp Lý Thái Bửu, Xã Lý Nhơn, Huyện Cần Giờ, Thành phố Hồ Chí Minh, Việt Nam","https://maps.app.goo.gl/AEUZZFWuFpBXzWTW9",""
1719,"10168","Hồ Chí Minh","BHX_HCM_CGI - Bình Khánh","139A - 141 đường Rừng Sác, ấp Bình Phước, Xã Bình Khánh, Huyện Cần Giờ, Thành phố Hồ Chí Minh, Việt Nam","https://maps.app.goo.gl/PiBt6gM5fmAPwqaT7",""
1723,"3105","Hồ Chí Minh","BHX_HCM_CCH - 161 Bình Mỹ","161 Bình Mỹ, ấp 7, xã Bình Mỹ, huyện Củ Chi, Thành phố Hồ Chí Minh, Việt Nam","https://maps.app.goo.gl/y8YoW8qZfwzrxMJF6",""
1725,"3320","Hồ Chí Minh","BHX_HCM_CCH - 02 Giồng Cát","Số 02 đường Giồng Cát, tổ 01, Ấp chợ, xã Tân Phú Trung, Huyện Củ Chi, Thành phố Hồ Chí Minh, Việt Nam","https://maps.app.goo.gl/2FUYU4DmtcJQ4mXTA",""
1726,"3376","Hồ Chí Minh","BHX_HCM_CCH - 427B Tân Thạnh Đông","427B Tỉnh Lộ 15, Ấp 8, Xã Tân Thạnh Đông, Huyện Củ Chi, Thành Phố Hồ Chí Minh, Việt Nam","https://maps.app.goo.gl/9hhN7LjthArUcu687",""
1727,"3390","Hồ Chí Minh","BHX_HCM_CCH - 149/30 Ấp Chợ (Trung An)","Số 149/30 đường Trung An, ấp chợ, xã Trung An,Huyện Củ Chi, Thành phố Hồ Chí Minh, Việt Nam","https://maps.app.goo.gl/Jj6hWZW4tfttiEARA",""
1729,"4548","Hồ Chí Minh","BHX_HCM_CCH - 130 Nguyễn Văn Khạ","130 đường Nguyễn Văn Khạ, Khu phố 7, Thị Trấn Củ Chi, Huyện Củ Chi, Thành Phố Hồ Chí Minh, Việt Nam","https://maps.app.goo.gl/iWJnoGZMzjEb9mnJ9",""
1731,"4593","Hồ Chí Minh","BHX_HCM_CCH - Số 847 Tỉnh Lộ 7","Số 847 Tỉnh Lộ 7, Xã An Nhơn Tây, Huyện Củ Chi, Thành phố Hồ Chí Minh, Việt Nam","https://maps.app.goo.gl/kQEQQkSHFwmzq4Py9",""
1737,"5451","Hồ Chí Minh","BHX_HCM_CCH - 1391 Tỉnh Lộ 7 (Chợ An Nhơn Tây)","1391 Tỉnh Lộ 7, Ấp Chợ Cũ 2, Xã An Nhơn Tây, Huyện Củ Chi, Thành Phố Hồ Chí Minh, Việt Nam","https://maps.app.goo.gl/zYuEjyuftHs53VDo8",""
1738,"6029","Hồ Chí Minh","BHX_HCM_CCH - 784 Tỉnh Lộ 7","784 Tỉnh Lộ 7, Ấp Chợ, Xã Phước Thạnh, Huyện Củ Chi, Thành Phố Hồ Chí Minh, Việt Nam","https://maps.app.goo.gl/iT35az4ejdJJ43ZE7",""
1739,"6065","Hồ Chí Minh","BHX_HCM_CCH - 264A Nguyễn Thị Lắng","Số 264A Nguyễn Thị Lắng, Ấp Phú Lợi, Xã Tân Phú Trung, Huyện Củ Chi, Thành Phố Hồ Chí Minh, Việt Nam","https://maps.app.goo.gl/2wQzPShgW1C2v2n56",""
1740,"6422","Hồ Chí Minh","BHX_HCM_CCH - 441 Tỉnh Lộ 7","Số 441, Tỉnh Lộ 7, Ấp Trung Bình, Xã Trung Lập Thượng, Huyện Củ Chi, Thành Phố Hồ Chí Minh, Việt Nam","https://maps.app.goo.gl/kH5HtcKQNNf4New38",""
1741,"6541","Hồ Chí Minh","BHX_HCM_CCH - 80 Lê Minh Nhựt","Số 80 Lê Minh Nhựt, Ấp Chánh, Xã Tân Thông Hội, Huyện Củ Chi, Thành Phố Hồ Chí Minh, Việt Nam","https://maps.app.goo.gl/QnaVfzepjhrbbuED9",""
1743,"7169","Hồ Chí Minh","BHX_HCM_CCH - 47 Phạm Văn Cội","47 Phạm Văn Cội, Ấp 3, Xã Phạm Văn Cội, Huyện Củ Chi, Thành phố Hồ Chí Minh, Việt Nam","https://maps.app.goo.gl/41ZhbG2JpGbgxd9M6",""
1744,"7672","Hồ Chí Minh","BHX_HCM_CCH - 143 TL15 (Phú Hòa Đông)","143 đường Tỉnh Lộ 15, Tổ 65, Ấp Chợ, xã Phú Hoà Đông, Huyện Củ Chi, Thành phố Hồ Chí Minh, Việt Nam","https://maps.app.goo.gl/tmyziht7oG7ndm2c9",""
1746,"9214","Hồ Chí Minh","BHX_HCM_CCH - Phạm Văn Cội","903 Nguyễn Văn Khạ, Ấp 1, Xã Phạm Văn Cội, Huyện Củ Chi, Thành phố Hồ Chí Minh, Việt Nam","https://maps.app.goo.gl/bMaEPXjKqGGKcQgz8",""
1747,"9491","Hồ Chí Minh","BHX_HCM_CCH - Tân Thông Hội","36 Trần Tử Bình, ấp Tân Định, Xã Tân Thông Hội, Huyện Củ Chi, Thành phố Hồ Chí Minh, Việt Nam","https://maps.app.goo.gl/8dsW9qMGEMa5WcrD7",""
1748,"13618","Hồ Chí Minh","BHX_HCM_CCH - 1649 Tỉnh Lộ 8","1649 Tỉnh lộ 8, ấp 2A, Xã Hòa Phú, Huyện Củ Chi, Thành phố Hồ Chí Minh, Việt Nam","https://maps.app.goo.gl/hZb4iuXDq5aqmUVx5",""
1749,"13797","Hồ Chí Minh","BHX_HCM_CCH - 295A Tỉnh Lộ 15","295A Tỉnh Lộ 15, Ấp 9, Xã Tân Thạnh Đông, Huyện Củ Chi, Thành phố Hồ Chí Minh, Việt Nam","https://maps.app.goo.gl/ccuEA3uigmvzVVtx7",""
1754,"2093","Hồ Chí Minh","BHX_HCM_HMO - 36/5D Ấp 2 (Xuân Thới Thượng)","36/5D ấp 2, Xã Xuân Thới Thượng, Huyện Hóc Môn, Thành phố Hồ Chí Minh, Việt Nam","",""
1756,"2265","Hồ Chí Minh","BHX_HCM_HMO - 22/5 Phan Văn Hớn","22/5 Phan Văn Hớn, Xã Xuân Thới Thượng, Huyện Hóc Môn, Thành phố Hồ Chí Minh, Việt Nam","https://maps.app.goo.gl/J2HUzu9WdGzBwCka8",""
1758,"2308","Hồ Chí Minh","BHX_HCM_HMO - 37B Hậu Lân","37B đường Hậu Lân, ấp Hậu Lân, Xã Bà Điểm, Huyện Hóc Môn, Thành phố Hồ Chí Minh, Việt Nam","https://maps.app.goo.gl/WMFH2mgsf5KNrRR1A",""
1761,"2405","Hồ Chí Minh","BHX_HCM_HMO - 11/3D Bà Điểm 9","11/3D Bà Điểm 9, ấp Nam Lâm, Xã Bà Điểm, Huyện Hóc Môn, Thành phố Hồ Chí Minh, Việt Nam","https://maps.app.goo.gl/q8rD5wAdxwywJys28",""
1763,"2425","Hồ Chí Minh","BHX_HCM_HMO - 33/4F Trung Mỹ (Tân Xuân)","33/4F Trung Mỹ - Tân Xuân, Ấp Mới 1, Xã Tân Xuân, Huyện Hóc Môn, Thành phố Hồ Chí Minh, Việt Nam","https://maps.app.goo.gl/L42mS8QcZiqULGxy5",""
1764,"2436","Hồ Chí Minh","BHX_HCM_HMO - 23/3B Phan Văn Hớn","23/3B Phan Văn Hớn, Ấp 07, Xã Xuân Thới Thượng, Huyện Hóc Môn, Thành phố Hồ Chí Minh, Việt Nam","https://maps.app.goo.gl/w7rqjTxPAecGaNdX8",""
1765,"2453","Hồ Chí Minh","BHX_HCM_HMO - 2/2 Phan Văn Hớn","2/2 Phan Văn Hớn, Ấp Tiền Lân , Xã Bà Điểm, Huyện Hóc Môn, Thành phố Hồ Chí Minh, Việt Nam","https://maps.app.goo.gl/qhTnW8x3oBGoiq718",""
1766,"2477","Hồ Chí Minh","BHX_HCM_HMO - 23/1A Ấp 6 Xuân Thới Sơn","23/1A, ấp 6, Xã Xuân Thới Sơn, Huyện Hóc Môn, Thành phố Hồ Chí Minh, Việt Nam","https://maps.app.goo.gl/iQPf6jAP4Y3xj19R9",""
1768,"2717","Hồ Chí Minh","BHX_HCM_HMO - 54/1 Tân Hiệp (Thới Tây 2)","54/1 Thị Trấn Tân Hiệp, ấp Thới Tây 2, xã Tân Hiệp, huyện Hóc Môn, Thành phố Hồ Chí Minh, Việt Nam","https://maps.app.goo.gl/aD1KvAUY7aWcnvcj9",""
1769,"2725","Hồ Chí Minh","BHX_HCM_HMO - Thửa 790-791 Bà Điểm","149 Bà Điểm 1, Ấp Bắc Lân, Xã Bà Điểm, Huyện Hóc Môn, Thành Phố Hồ Chí Minh, Việt Nam","https://maps.app.goo.gl/3AbDG9DrrpZfAqQu8",""
1773,"3043","Hồ Chí Minh","BHX_HCM_HMO - B69/11 Nguyễn Thị Sóc","B69/11 Nguyễn Thị Sóc, ấp Mỹ Hòa 2, xã Xuân Thới Đông, huyện Hóc Môn, Thành Phố Hồ Chí Minh, Việt Nam","https://maps.app.goo.gl/517Vaz3UwwVPCqFG6",""
1774,"3825","Hồ Chí Minh","BHX_HCM_HMO - 26/2 Đông Lân","26/2 ấp Đồng Lân, xã Bà Điểm, huyện Hóc Môn, thành phố Hồ Chí Minh, Việt Nam","https://maps.app.goo.gl/MCk8DWpBkZU3anKm7",""
1775,"4074","Hồ Chí Minh","BHX_HCM_HMO - 6/5A Ấp 4 Đông Thạnh","Số 6/5A, ấp 4, Xã Đông Thạnh, Huyện Hóc Môn, Thành Phố Hồ Chí Minh, Việt Nam","",""
1776,"4583","Hồ Chí Minh","BHX_HCM_HMO - 89/7 Tây Lân","89/7 Ấp Tây Lân, Xã Bà Điểm, Huyện Hóc Môn, Thành phố Hồ Chí Minh, Việt Nam","https://maps.app.goo.gl/YuHmg6AzBzdtze4v6",""
1777,"4585","Hồ Chí Minh","BHX_HCM_HMO - 62/20 Quang Trung","62/20 Quang Trung, khu phố 8, Thị Trấn Hóc Môn, Huyện Hóc Môn, Thành Phố Hồ Chí Minh, Việt Nam","https://maps.app.goo.gl/18hH8tViABdePjhv5",""
1778,"4822","Hồ Chí Minh","BHX_HCM_HMO - 169/1C Ấp Đông 1 (Thới Tam Thôn)","169/1C Ấp Đông 1, Xã Thới Tam Thôn, Huyện Hóc Môn, Thành Phố Hồ Chí Minh, Việt Nam","https://maps.app.goo.gl/pHEh3iEHomonMhBh8",""
1779,"5046","Hồ Chí Minh","BHX_HCM_HMO - 32/9A Tiền Lân","32/9A - 32/9B, Ấp Tiền Lân, Xã Bà Điểm, Huyện Hóc Môn, Thành Phố Hồ Chí Minh, Việt Nam","https://maps.app.goo.gl/RibqJwnaTdb17dFEA",""
1780,"5076","Hồ Chí Minh","BHX_HCM_HMO - 85/2 Xuân Thới Đông","85/2 Trần Văn Mười, Ấp Xuân Thới Đông 3, Xã Xuân Thới Đông, Huyện Hóc Môn, Thành Phố Hồ Chí Minh, Việt Nam","",""
1783,"6586","Hồ Chí Minh","BHX_HCM_HMO - 173A Đặng Thúc Vịnh","173A Đặng Thúc Vịnh, Ấp 7, Xã Đông Thạnh, Huyện Hóc Môn, Thành Phố Hồ Chí Minh, Việt Nam","https://maps.app.goo.gl/HgZuZDqZLXKED3Ge8",""
1784,"6695","Hồ Chí Minh","BHX_HCM_HMO - 102/7B Ấp 7 Xuân Thới Thượng","102/7B, Ấp 7, Xã Xuân Thới Thượng, Huyện Hóc Môn, Thành Phố Hồ Chí Minh, Việt Nam","https://maps.app.goo.gl/cokUMvc8CADNuL4A9",""
1787,"8558","Hồ Chí Minh","BHX_HCM_HMO - 41/4B Xuân Thới Đông 2","41/4B - 41/3D Xuân Thới Đông 2, xã Xuân Thới Đông, huyện Hóc Môn, Thành phố Hồ Chí Minh , Việt Nam","https://maps.app.goo.gl/67wUYakRxcVGzJJK6",""
1788,"8588","Hồ Chí Minh","BHX_HCM_HMO - Thửa 383 Tân Hiệp","142 Lê Lợi, ấp tân Thới 2, xã Tân Hiệp, huyện Hóc Môn, TP Hồ Chí Minh, Việt Nam","https://maps.app.goo.gl/5mUHPNf6Pxg75E4f8",""
1790,"8920","Hồ Chí Minh","BHX_HCM_HMO - 52/23 Thái Thị Giữ","52/23 Thái Thị Giữ, ấp Hậu Lân, Xã Bà Điểm, Huyện Hóc Môn, Thành phố Hồ Chí Minh, Việt Nam","https://maps.app.goo.gl/1NnrKXhC6LXbEdvB8",""
1792,"9191","Hồ Chí Minh","BHX_HCM_HMO - 23/2A Đồng Tâm","23/24 Đồng Tâm, ấp Mỹ Hòa 1, Xã Trung Chánh, Huyện Hóc Môn, Thành phố Hồ Chí Minh, Việt Nam","https://maps.app.goo.gl/9HCqJqMXuKntfqLu7",""
1793,"9416","Hồ Chí Minh","BHX_HCM_HMO – 232 Phan Văn Hớn","230 - 232 Phan Văn Hớn, ấp Nam Lân, xã Bà Điểm, Huyện Hóc Môn, TP Hồ Chí Minh, Việt Nam","https://maps.app.goo.gl/dBqxjFct8hmbLQ3y7",""
1794,"10377","Hồ Chí Minh","BHX_HCM_HMO - 28/10B Ấp Trung Đông","28/10B, Ấp Trung Đông, Xã Thới Tam Thôn, Huyện Hóc Môn, Thành phố Hồ Chí Minh, Việt Nam","https://maps.app.goo.gl/MDXCvgDa8BhAEn3B6",""
1802,"3094","Hồ Chí Minh","BHX_HCM_NBE - 2805 Huỳnh Tấn Phát","2805 Huỳnh Tấn Phát, Ấp 6, xã Phú Xuân, huyện Nhà Bè, Thành phố Hồ Chí Minh, Việt Nam","",""
1803,"3114","Hồ Chí Minh","BHX_HCM_NBE - 12 Đào Tông Nguyên","12 Đào Tông Nguyên, Ấp 5, Xã Phú Xuân, Huyện Nhà Bè, Thành phố Hồ Chí Minh, Việt Nam","https://maps.app.goo.gl/r5KhCVS53sCLhorH9",""
1806,"3355","Hồ Chí Minh","BHX_HCM_NBE - 532 Nguyễn Văn Tạo","532 Nguyễn Văn Tạo, ấp 2, xã Long Thới, Huyện Nhà Bè, Thành phố Hồ Chí Minh, Việt Nam","https://maps.app.goo.gl/NR9Jj16ro9EENfBb7",""
1807,"3786","Hồ Chí Minh","BHX_HCM_NBE - 946 Lê Văn Lương","946 Lê Văn Lương, Ấp 3, Xã Phước Kiển, Huyện Nhà Bè, Thành phố Hồ Chí Minh, Việt Nam","https://maps.app.goo.gl/Fmdbfd5SzoFejiGQA",""
1808,"4478","Hồ Chí Minh","BHX_HCM_NBE - 44 Huỳnh Tấn Phát","44 Huỳnh Tấn Phát, Thị Trấn Nhà Bè, Huyện Nhà Bè, Thành Phố Hồ Chí Minh, Việt Nam","https://maps.app.goo.gl/vwvj9YJ2Y5uu5NnS8",""
1809,"4547","Hồ Chí Minh","BHX_HCM_NBE - 514C Nguyễn Văn Tạo","514C Nguyễn Văn Tạo, Ấp 1, Xã Long Thới, Huyện Nhà Bè, Thành Phố Hồ Chí Minh, Việt Nam","",""
1811,"4893","Hồ Chí Minh","BHX_HCM_NBE - 23/1B Huỳnh Tấn Phát","23/1B Huỳnh Tấn Phát, Khu phố 7, Thị Trấn Nhà Bè, Huyện Nhà Bè, Thành Phố Hồ Chí Minh, Việt Nam","https://maps.app.goo.gl/5Fb8C6fK2wgcxcU98",""
1812,"4992","Hồ Chí Minh","BHX_HCM_NBE - 2016 Lê Văn Lương","2014 - 2016 Lê Văn Lương, Ấp 4, Xã Nhơn Đức, Huyện Nhà Bè, Thành phố Hồ Chí Minh, Việt Nam","https://maps.app.goo.gl/pbAHAxXvkimTfQZc9",""
1814,"6970","Hồ Chí Minh","BHX_HCM_NBE - 42 Lê Văn Lương","42 Lê Văn Lương, Ấp 3, Xã Phước Kiển, Huyện Nhà Bè, Thành phố Hồ Chí Minh, Việt Nam","https://maps.app.goo.gl/CA557PP8afhsAqJq5",""
1815,"7841","Hồ Chí Minh","BHX_HCM_NBE - 2635 Huỳnh Tấn Phát","2635 Huỳnh Tấn Phát, Ấp 4, Xã Phú Xuân, Huyện Nhà Bè, Thành Phố Hồ Chí Minh , Việt Nam","https://maps.app.goo.gl/A3UCFcPfqx3KnJvJA",""
1816,"8105","Hồ Chí Minh","BHX_HCM_NBE - Thửa 1886 Phước Kiển","834 Lê Văn Lương, ấp 5, Xã Phước Kiểng, Huyện Nhà Bè, Thành phố Hồ Chí Minh, Việt Nam","https://maps.app.goo.gl/Hx1aAep6aJNeaXdv9",""
1817,"8678","Hồ Chí Minh","BHX_HCM_NBE - 1415 Nguyễn Văn Tạo","1413A - 1415 Nguyễn Văn Tạo, ấp 3, Xã Hiệp Phước, Huyện Nhà Bè, Thành phố Hồ Chí Minh, Việt Nam","https://maps.app.goo.gl/dTPzTsH3h8ZTtuiq9",""
1819,"9998","Hồ Chí Minh","BHX_HCM_NBE - Phước Lộc","297 Đào Sư Tích, Ấp 2, Xã Phước Lộc, Huyện Nhà Bè, Thành phố Hồ Chí Minh, Việt Nam","https://maps.app.goo.gl/6aGQpZtDhoiiZvGBA",""
1824,"13616","Hồ Chí Minh","BHX_HCM_Q01 - 54 Bà Lê Chân","54-56-58 Bà Lê Chân, Phường Tân Định, Quận 1, Thành phố Hồ Chí Minh, Việt Nam","https://maps.app.goo.gl/9AnaSQDjsRgVAdvy9",""
1825,"13743","Hồ Chí Minh","BHX_HCM_Q01 - 117 Cống Quỳnh","117 Cống Quỳnh, Phường Nguyễn Cư Trinh, Quận 1, Thành phố Hồ Chí Minh, Việt Nam","https://maps.app.goo.gl/JAAHRjrwrLoagaQ68",""
1828,"4134","Hồ Chí Minh","BHX_HCM_Q10 - 97 Hòa Hưng","97 đường Hòa Hưng, Phường 12, Quận 10, thành phố Hồ Chí Minh, Việt Nam","https://maps.app.goo.gl/xqqec3BV1Gku8szh6",""
1829,"13668","Hồ Chí Minh","BHX_HCM_Q10 - 222 Nguyễn Chí Thanh","222 - 224 Nguyễn Chí Thanh, Phường 02, Quận 10, Thành phố Hồ Chí Minh, Việt Nam","https://maps.app.goo.gl/99jUT8YCoXpbPgNj8",""
1832,"3972","Hồ Chí Minh","BHX_HCM_Q11 - 17 Dương Đình Nghệ","17 Dương Đình Nghệ, Phường 8, Quận 11, Thành Phố Hồ Chí Minh, Việt Nam","https://maps.app.goo.gl/zZz5ReY2wsX1q3zw5",""
1834,"9075","Hồ Chí Minh","BHX_HCM_Q11 - 100 Bình Thới","Số 11-13-15, đường 100 Bình Thới, phường 14, quận 11, thành phố Hồ Chí Minh , Việt Nam","https://maps.app.goo.gl/n6TAG7sW9cGL7FXt6",""
1835,"9248","Hồ Chí Minh","BHX_HCM_Q11 - 331 Nguyễn Thị Nhỏ","331 - 333 - 335 Nguyễn Thị Nhỏ, Phường 16, Quận 11, Thành phố Hồ Chí Minh, Việt Nam","https://maps.app.goo.gl/1vqJWYAuZyAchAkV9",""
1836,"9281","Hồ Chí Minh","BHX_HCM_Q11 - 423/30/30A Lạc Long Quân","423/30 - 423/304 Lạc Long Quân, Phường 5, Quận 11, Thành phố Hồ Chí Minh, Việt Nam","https://maps.app.goo.gl/cAk6BeMR5kRpLhVW8",""
1837,"9986","Hồ Chí Minh","BHX_HCM_Q11 - 78C Hòa Bình","78C Hòa Bình, Phường 5, Quận 11, Thành phố Hồ Chí Minh, Việt Nam","https://maps.app.goo.gl/G9Nbd7f2fJ9YUj4dA",""
1838,"13627","Hồ Chí Minh","BHX_HCM_Q11 - 119 Tuệ Tĩnh","119-121 Tuệ Tĩnh, Phường 13, Quận 11, Thành phố Hồ Chí Minh, Việt Nam","https://maps.app.goo.gl/hC7Z3GZB2gruKnkA9",""
1842,"2182","Hồ Chí Minh","BHX_HCM_Q12 - 39/11A Tân Thới Nhất 1","39/11A Tân Thới Nhất 1, Khu Phố 7, Phường Tân Thới Nhất, Quận 12, Thành phố Hồ Chí Minh, Việt Nam","https://maps.app.goo.gl/S2Bq2oHUQ6PRtvnE8",""
1843,"2208","Hồ Chí Minh","BHX_HCM_Q12 - 171 Hà Đặc","171 – 173 – 173A Hà Đặc, khu phố 1, Phường Trung Mỹ Tây, Quận 12, Thành phố Hồ Chí Minh, Việt Nam","https://maps.app.goo.gl/Z57PjdphVaKNTNp68",""
1844,"2217","Hồ Chí Minh","BHX_HCM_Q12 - 77H/1 Nguyễn Ảnh Thủ","77H/1 Nguyễn Ảnh Thủ, Phường Hiệp Thành, Quận 12, Thành phố Hồ Chí Minh, Việt Nam","https://maps.app.goo.gl/CJT88gf3SEjjhJXq7",""
1847,"2470","Hồ Chí Minh","BHX_HCM_Q12 - 82/1 Tân Thới Nhất 8","82/1 Tân thới nhất 8, khu phố 6, Phường Tân Thới Nhất, Quận 12, Thành phố Hồ Chí Minh, Việt Nam","https://maps.app.goo.gl/dQWszRXGz5bLptL47",""
1848,"2535","Hồ Chí Minh","BHX_HCM_Q12 - 10A/2 Trung Mỹ Tây","10A/2 Trung Mỹ Tây 13A, khu phố 5, Phường Trung Mỹ Tây, Quận 12, Thành phố Hồ Chí Minh, Việt Nam","https://maps.app.goo.gl/k1R2YnU2hLdo4ZzE7",""
1852,"2715","Hồ Chí Minh","BHX_HCM_Q12 - Thửa 547 Tân Chánh Hiệp","216 Huỳnh Thị Hai, Khu phố 4, Phường Tân Chánh Hiệp, Quận 12, Thành Phố Hồ Chí Minh, Việt Nam","https://maps.app.goo.gl/ipVEYhjHjkJfALhq8",""
1854,"2798","Hồ Chí Minh","BHX_HCM_Q12 - 845 Hà Huy Giáp","845 Hà Huy Giáp, phường Thạnh Xuân, Quận 12, Thành phố Hồ Chí Minh, Việt Nam","https://maps.app.goo.gl/r3ybhGi1tD4XA85y6",""
1855,"2882","Hồ Chí Minh","BHX_HCM_Q12 - 22I-22I/2 Hiệp Thành 13","22I - 22I/2 Hiệp Thành 13, khu phố 3, Phường Hiệp Thành, Quận 12, Thành phố Hồ Chí Minh, Việt Nam","https://maps.app.goo.gl/XCT8v713JmHytrb96",""
1857,"3111","Hồ Chí Minh","BHX_HCM_Q12 - Số 4-6 Đường APĐ01 (An Phú Đông)","4-6 Đường APĐ 01, Khu phố 01, phường An Phú Đông, Quận 12, Thành phố Hồ Chí Minh, Việt Nam","https://maps.app.goo.gl/RtbXHh1Rg1ZokJ7c7",""
1859,"3262","Hồ Chí Minh","BHX_HCM_Q12 - 324/6 Thạnh Lộc","324/6 khu phố 3, Phường Thạnh Lộc, Quận 12, Thành phố Hồ Chí Minh, Việt Nam","https://maps.app.goo.gl/TmiuDgtF7vyJxZ1C8",""
1860,"3263","Hồ Chí Minh","BHX_HCM_Q12 - 181 TTN17 (Tân Thới Nhất)","181 Đường TTN17, khu phố 4, Phường Tân Thới Nhất, Quận 12, Thầnh phố Hồ Chí Minh, Việt Nam","https://maps.app.goo.gl/Uz1c6sLaAUvvzXnZ8",""
1861,"3324","Hồ Chí Minh","BHX_HCM_Q12 - 10/33 Khu phố 3 (Tân Thới Nhất)","Số 10/19 và 10/33, Khu phố 3, Phường Tân Thới Nhất, Quận 12, Thành phố Hồ Chí Minh, Việt Nam","https://maps.app.goo.gl/pJKgd36xuz1QxyTX8",""
1865,"3802","Hồ Chí Minh","BHX_HCM_Q12 - 962 Hà Huy Giáp","962 Hà Huy Giáp, Khu phố 2, Phường Thạnh Lộc, Quận 12, Thành phố Hồ Chí Minh, Việt Nam","https://maps.app.goo.gl/GRmryQ5RvN3cY2cT9",""
1866,"3989","Hồ Chí Minh","BHX_HCM_Q12 - 77 Bùi Văn Ngữ","77 Bùi Văn Ngữ, Khu Phố 3, Phường Tân Chánh Hiệp, Quận 12, Thành Phố Hồ Chí Minh, Việt Nam","https://maps.app.goo.gl/rxikyVNru28YQbo19",""
1868,"4746","Hồ Chí Minh","BHX_HCM_Q12 - 23C Đường TL13","23C đường TL13, Khu phố 3B, Phường Thạnh Lộc, Quận 12, Thành Phố Hồ Chí Minh, Việt Nam","https://maps.app.goo.gl/as4RG5nbWkgbs5udA",""
1871,"5344","Hồ Chí Minh","BHX_HCM_Q12 - 500/58 Nguyễn Ảnh Thủ","Số 500/58 Đường Nguyễn Ảnh Thủ, Khu Phố 3, Phường Hiệp Thành, Quận 12, Thành Phố Hồ Chí Minh, Việt Nam","https://maps.app.goo.gl/HuazkjmjrgYbvQ3T7",""
1877,"8191","Hồ Chí Minh","BHX_HCM_Q12 - 669A Hà Huy Giáp","695 - 699A - 701 - 15/3 Hà Huy Giáp, Khu phố 3, Phường Thạnh Xuân, Quận 12, Thành phố Hồ Chí Minh, Việt Nam","https://maps.app.goo.gl/vgs6hYKhjsGPbPFMA",""
1879,"9484","Hồ Chí Minh","BHX_HCM_Q12 - 296 Vườn Lài","296 Vườn Lài, Khu phố 2, Phường An Phú Đông, Quận 12, Thành phố Hồ Chí Minh, Việt Nam","https://maps.app.goo.gl/2DRutNnjLFsCPsHm6",""
1880,"9939","Hồ Chí Minh","BHX_HCM_Q12 - 146 TL19","144 - 146 Đường TL19, Khu phố 3B, Phường Thạnh Lộc, Quận 12, Thành phố Hồ Chí Minh, Việt Nam","https://maps.app.goo.gl/7ym5bmfFNtvXjbyt5",""
1883,"12995","Hồ Chí Minh","BHX_HCM_Q12 - Chung Cư Prosper Plaza","1.01+1.02, Tháp C, Chung cư Prosper Plaza, Số 22/14 Đường Phan Văn Hớn, Phường Tân Thới Nhất, Quận 12, Thành phố Hồ Chí Minh, Việt Nam","https://maps.app.goo.gl/Bi7RYVcrcdNoUiRf6",""
1884,"13845","Hồ Chí Minh","BHX_HCM_Q12 - 74 Vườn Lài","74 Vườn Lài, Phường An Phú Đông, Quận 12, Thành phố Hồ Chí Minh, Việt Nam","https://maps.app.goo.gl/ezDSfCM29H6jgM2u5",""
1892,"7301","Hồ Chí Minh","BHX_HCM_Q12 - 28 Đường TMT13","28-30 Đường TMT 13, Phường Trung Mỹ Tây, Quận 12, Thành phố Hồ Chí Minh, Việt Nam","https://maps.app.goo.gl/JLu86cCoKKet4hbcA",""
1894,"7600","Hồ Chí Minh","BHX_HCM_Q03 - 268/14 Lý Thái Tổ","268/14 - 268/16 Lý Thái Tổ, Phường 01, Quận 3, Thành phố Hồ Chí Minh, Việt Nam","https://maps.app.goo.gl/x4NQkbwDzXUi6UUdA",""
1895,"8341","Hồ Chí Minh","BHX_HCM_Q03 - 49 Huỳnh Tịnh Của","49-49A Huỳnh Tịnh Của, Phường Võ Thị Sáu, Quận 3, Thành phố Hồ Chí Minh , Việt Nam","https://maps.app.goo.gl/91xyPMB6vPVMHFHA8",""
1896,"13645","Hồ Chí Minh","BHX_HCM_Q03 - 84 Nguyễn Thông","84 Nguyễn Thông, Phường 9, Quận 3, Thành phố Hồ Chí Minh, Việt Nam","https://maps.app.goo.gl/N3mSQASK5uyfVuv97",""
1897,"3652","Hồ Chí Minh","BHX_HCM_Q04 - 25 Nguyễn Khoái","25 Nguyễn Khoái, Phường 01, Quận 4, Thành phố Hồ Chí Minh, Việt Nam","https://maps.app.goo.gl/N6Mji3kDthuQnAgJ7",""
1898,"3743","Hồ Chí Minh","BHX_HCM_Q04 - 115 Xóm Chiếu","115-115B Xóm Chiếu, Phường 16, Quận 4, Thành phố Hồ Chí Minh, Việt Nam","https://maps.app.goo.gl/BjPQAjvJGDEGjpQT9",""
1899,"4448","Hồ Chí Minh","BHX_HCM_Q04 - 116-118 Vĩnh Hội","116 - 118 Vĩnh Hội, Phường 04, Quận 04, Thành Phố Hồ Chí Minh, Việt Nam","https://maps.app.goo.gl/WhVqiMX5hU7Z92W29",""
1900,"13608","Hồ Chí Minh","BHX_HCM_Q04 - 236 Tôn Đản","236 - 238 Tôn Đản, Phường 08, Quận 4, Thành phố Hồ Chí Minh, Việt Nam","https://maps.app.goo.gl/3LzcmFHZC7eTpJddA",""
1902,"4823","Hồ Chí Minh","BHX_HCM_Q05 - 10-12 Nhiêu Tâm","10-12 Nhiêu Tâm, Phường 05, Quận 5, Thành phố Hồ Chí Minh, Việt Nam","https://maps.app.goo.gl/hDS2BCApjANkCwm38",""
1903,"6154","Hồ Chí Minh","BHX_HCM_Q05 - 286 Trần Hưng Đạo","286-288-290 Trần Hưng Đạo, Phường 11, Quận 5, Thành Phố Hồ Chí Minh, Việt Nam","https://maps.app.goo.gl/nzhv83SLjHpe8p3R9",""
1904,"6183","Hồ Chí Minh","BHX_HCM_Q05 - 62 Trần Bình Trọng","62 Trần Bình Trọng, Phường 1, Quận 5, Thành phố Hồ Chí Minh , Việt Nam","https://maps.app.goo.gl/2oMYaZLgqx97RmpR8",""
1905,"10397","Hồ Chí Minh","BHX_HCM_Q05 - 82 Tản Đà","Số 78 – 80 – 82 Đường Tản Đà, Phường 11, Quận 5, Thành phố Hồ Chí Minh, Việt Nam","https://maps.app.goo.gl/MchV3ZWjr7V1dRBE8",""
1906,"13656","Hồ Chí Minh","BHX_HCM_Q05 - 236A Nguyễn Trãi","236A-238-240 Nguyễn Trãi, Phường 03, Quận 5, Thành phố Hồ Chí Minh, Việt Nam","https://maps.app.goo.gl/uqdacQnongroqnUH9",""
1909,"3520","Hồ Chí Minh","BHX_HCM_Q06 - 224 Phạm Phú Thứ","224 Phạm Phú Thứ, Phường 4, Quận 6, Thành Phố Hồ Chí Minh, Việt Nam","https://maps.app.goo.gl/q23rqPAHtwTUCPBeA",""
1910,"6984","Hồ Chí Minh","BHX_HCM_Q06 - 258 Chợ Lớn","258 Đường Chợ Lớn, Phường 11, Quận 6, Thành Phố Hồ Chí Minh, Việt Nam","https://maps.app.goo.gl/DsLfZ9ZddTqKxS2E9",""
1911,"8024","Hồ Chí Minh","BHX_HCM_Q06 - Thửa 416 Phường 10","26-28-30 Lý Chiêu Hoàng, Phường 10, Quận 6, Thành phố Hồ Chí Minh, Việt Nam","https://maps.app.goo.gl/Toa2btV4XdfjZZPi7",""
1912,"9432","Hồ Chí Minh","BHX_HCM_Q06 - Phạm Phú Thứ","129 - 131 - 133. Phạm Phú Thứ, Phường 13, Quận 6, Thành phố Hồ Chí Minh, Việt Nam","https://maps.app.goo.gl/rHWB6QiUK49sCXGr7",""
1914,"3207","Hồ Chí Minh","BHX_HCM_Q07 - 769A Trần Xuân Soạn","769A Trần Xuân Soạn, Phường Tân Hưng, Quận 7, Thành phố Hồ Chí Minh, Việt Nam","https://maps.app.goo.gl/heNDVN4NxUJibBuy9",""
1916,"3394","Hồ Chí Minh","BHX_HCM_Q07 - 343 Lê Văn Lương","343 Đường Lê Văn Lương, Phường Tân Quy, Quận 7, Thành phố Hồ Chí Minh, Việt Nam","https://maps.app.goo.gl/ANNpJnFp9hfYooSWA",""
1917,"3645","Hồ Chí Minh","BHX_HCM_Q07 - 122 Lâm Văn Bền","122 Lâm Văn Bền, Phuờng Tân Quy, Quận 7, Thành Phố Hồ Chí Minh, Việt Nam","https://maps.app.goo.gl/21YQEDj2NpVW7RNp9",""
1918,"3647","Hồ Chí Minh","BHX_HCM_Q07 - 49 Lý Phục Man","49 Lý Phục Man, Phường Bình Thuận, Quận 7, Thành Phố Hồ Chí Minh, Việt Nam","https://maps.app.goo.gl/DMdtx1TphkKeEzKC8",""
1919,"3713","Hồ Chí Minh","BHX_HCM_Q07 - 2 Đường Số 17","Số 2-2A Đường số 17, Phường Tân Kiểng, Quận 7, Thành phố Hồ Chí Minh, Việt Nam","https://maps.app.goo.gl/ND157kZpcFHuCFr28",""
1921,"4675","Hồ Chí Minh","BHX_HCM_Q07 - 412 Lê Văn Lương","412 - 412A Lê Văn Lương, Phường Tân Hưng, Quận 7, Thành Phố Hồ Chí Minh, Việt Nam","https://maps.app.goo.gl/BrqDQTJVcyXWbhWX7",""
1922,"4845","Hồ Chí Minh","BHX_HCM_Q07 - 865 Trần Xuân Soạn","865 - 867 Trần Xuân Soạn, Phường Tân Hưng, Quận 7, Thành Phố Hồ Chí Minh, Việt Nam","https://maps.app.goo.gl/Y6amB65Tvzv2TXju9",""
1924,"5726","Hồ Chí Minh","BHX_HCM_Q07 - 1212 Huỳnh Tấn Phát","1212 - 1214 Huỳnh Tấn Phát, Khu Phố 5, Phường Tân Phú, Quận 7, Thành Phố Hồ Chí Minh, Việt Nam","https://maps.app.goo.gl/PEPh17AWLnhkxmwD8",""
1928,"6245","Hồ Chí Minh","BHX_HCM_Q07 - 45 Võ Thị Nhờ","45 Võ Thị Nhờ, khu phố 1B, Phường Tân Thuận Đông, Quận 7, Thành phố Hồ Chí Minh, Việt Nam","https://maps.app.goo.gl/98SmzVuZsat2uqiA7",""
1929,"7326","Hồ Chí Minh","BHX_HCM_Q07 - 336 Huỳnh Tấn Phát","336 Huỳnh Tấn Phát, Phường Bình Thuận, Quận 7, Thành phố Hồ Chí Minh, Việt Nam","https://maps.app.goo.gl/vb1ZGhoJ15BGLWDq8",""
1931,"7882","Hồ Chí Minh","BHX_HCM_Q07 - 60F Nguyễn Thị Thập","60F - 60G -62 Nguyễn Thị Thập, Khu phố 3, Phường Bình Thuận, Quận 7, Thành phố Hồ Chí Minh, Việt Nam","https://maps.app.goo.gl/Kvrw7aqfF5ukHGjE6",""
1932,"7951","Hồ Chí Minh","BHX_HCM_Q07 - 52 Đường Số 51","52 Đường số 51, Khu phố 4, Phường Tân Quy, Quận 7, Thành phố Hồ Chí Minh, Việt Nam","https://maps.app.goo.gl/pF4TykbXmt64jGVj6",""
1933,"8656","Hồ Chí Minh","BHX_HCM_Q07 - 27 Đường Số 19","27-29-31 Đường số 19, Khu phố 2, Phường Tân Quy, Quận 7, Thành phố Hồ Chí Minh , Việt Nam","https://maps.app.goo.gl/MELtnxkNS3sjUn5U6",""
1934,"8866","Hồ Chí Minh","BHX_HCM_Q07 - 793/51 Trần Xuân Soạn","Số 793/51 Trần Xuân Soạn, Khu phố 4, Phường Tân Hưng, Quận 7, Thành phố Hồ Chí Minh , Việt Nam","",""
1936,"10357","Hồ Chí Minh","BHX_HCM_Q07 - 63 Bùi Văn Ba","63 Bùi Văn Ba, Phường Tân Thuận Đông, Quận 7, Thành phố Hồ Chí Minh, Việt Nam","https://maps.app.goo.gl/iZNKxSdZ7XHjwSFh6",""
1937,"10358","Hồ Chí Minh","BHX_HCM_Q07 - 665-667 Huỳnh Tấn Phát","665-667 Huỳnh Tấn Phát, Phường Tân Thuận Đông, Quận 7, Thành phố Hồ Chí Minh, Việt Nam","https://maps.app.goo.gl/me64BK74UA2CiANBA",""
1938,"13741","Hồ Chí Minh","BHX_HCM_Q07 - 32 Đường số 6","32 Đường số 6, Khu Phố Hưng Vượng 2 - R13, Phường Tân Phong, Quận 7, Thành phố Hồ Chí Minh, Việt Nam","https://maps.app.goo.gl/foESLQ1cbFKKhFu18",""
1939,"13799","Hồ Chí Minh","BHX_HCM_Q07 - 97 Đường 79","97 - 97A Đường 79, Phường Tân Quy, Quận 7, Thành phố Hồ Chí Minh, Việt Nam","https://maps.app.goo.gl/i4g17gVSGcTczWkh7",""
1940,"13984","Hồ Chí Minh","BHX_HCM_Q07 - 95-97 Đường số 15","95 - 97 Đường số 15, Phường Tân Kiểng, Quận 7, Thành phố Hồ Chí Minh, Việt Nam","https://maps.app.goo.gl/9R8tVrBgbdAQ3Y1E8",""
1942,"3322","Hồ Chí Minh","BHX_HCM_Q08 - 61A Phú Định","61A đường Phú Định, Phường 16, Quận 8, Thành phố Hồ Chí Minh, Việt Nam","https://maps.app.goo.gl/fgwZtBUSoUmgaAAq8",""
1943,"3427","Hồ Chí Minh","BHX_HCM_Q08 - 162 An Dương Vương","162 An Dương Vương, Phường 16, Quận 8, Thành phố Hồ Chí Minh, Việt Nam","https://maps.app.goo.gl/Z3rno2b8ZqBzCkcg7",""
1944,"3673","Hồ Chí Minh","BHX_HCM_Q08 - 3425 Phạm Thế Hiển","3425-3427 Phạm Thế Hiển, Phường 7, Quận 8, Thành Phố Hồ Chí Minh, Việt Nam","https://maps.app.goo.gl/Y2H66uL5ot9R6CNY8",""
1946,"4406","Hồ Chí Minh","BHX_HCM_Q08 - 797 Hưng Phú","797 Hưng Phú, Phường 9, Quận 8, Thành Phố Hồ Chí Minh, Việt Nam","https://maps.app.goo.gl/Sbikp1UWBPfJJKZP9",""
1947,"4603","Hồ Chí Minh","BHX_HCM_Q08 - 338 Bình Đông","338 Đường Bình Đông, Phường 15, Quận 8, Thành Phố Hồ Chí Minh, Việt Nam","https://maps.app.goo.gl/qxGNZY8ZdepNJEhy7",""
1948,"4844","Hồ Chí Minh","BHX_HCM_Q08 - 815 Phạm Thế Hiển","Số 815 - 817 đường Phạm Thế Hiển, Phường 04, Quận 8, Thành Phố Hồ Chí Minh, Việt Nam","https://maps.app.goo.gl/aodesxVd28QGsuvK8",""
1949,"4898","Hồ Chí Minh","BHX_HCM_Q08 - 118 Bùi Minh Trực","118 Bùi Minh Trực, Phường 5, Quận 8, Thành Phố Hồ Chí Minh, Việt Nam","https://maps.app.goo.gl/4DfUKWzqi1Ccp1AX6",""
1950,"4899","Hồ Chí Minh","BHX_HCM_Q08 - 199 Phú Định","199 Phú Định, Phường 16, Quận 8, Thành Phố Hồ Chí Minh, Việt Nam","https://maps.app.goo.gl/S1GqHmS9jkZE2t5e9",""
1952,"5725","Hồ Chí Minh","BHX_HCM_Q08 - 264 Bùi Minh Trực","264 - 264A Bùi Minh Trực, Phường 6, Quận 8, Thành Phố Hồ Chí Minh, Việt Nam","https://maps.app.goo.gl/6hdxeSs48Ams9Jfm6",""
1954,"6475","Hồ Chí Minh","BHX_HCM_Q08 - 639 Tạ Quang Bửu","639 - 641 Tạ Quang Bửu, Phường 4, Quận 8, Thành Phố Hồ Chí Minh, Việt Nam","https://maps.app.goo.gl/PsoXM6Ur1SJya5kb7",""
1955,"6834","Hồ Chí Minh","BHX_HCM_Q08 - 821A Tạ Quang Bửu","821A-823 Tạ Quang Bửu, Phường 5, Quận 8, Thành Phố Hồ Chí Minh, Việt Nam","https://maps.app.goo.gl/6C6hscNVJ149m2hMA",""
1956,"7032","Hồ Chí Minh","BHX_HCM_Q08 - 35B Mai Hắc Đế","35B-35C Mai Hắc Đế, Phường 15, Quận 8, Thành phố Hồ Chí Minh, Việt Nam","https://maps.app.goo.gl/Nw3cEUKmhj34nAjY7",""
1957,"8776","Hồ Chí Minh","BHX_HCM_Q08 - 336 Tạ Quang Bửu","336 Tạ Quang Bửu, Phường 2, Quận 8, Thành phố Hồ Chí Minh, Việt Nam","https://maps.app.goo.gl/u4AnASPJDpt6sTUt9",""
1958,"9125","Hồ Chí Minh","BHX_HCM_Q08 - Cảng Sông Phú Định","49 - 51 Đường số 1, Phường 16, Quận 8, Thành phố Hồ Chí Minh, Việt Nam","https://maps.app.goo.gl/B1yXfpWVEzHieG6G6",""
1959,"10051","Hồ Chí Minh","BHX_HCM_Q08 - Cao Ốc City Gate Towers","Căn hộ số 1-03-06 và A1-03-07, tầng 3 Block A1, Chung cư City Gate, 15 Võ Văn Kiệt, Phường 16, Quận 8, Thành phố Hồ Chí Minh, Việt Nam","",""
1960,"10115","Hồ Chí Minh","BHX_HCM_Q08 - Conic Riverside","Căn hộ 0.01 và Căn hộ 0.02 tầng trệt Block B, chung cư Conic Riverside, Lô Ba, Đường số 4, Khu dân cư 13B, Phường 7, Quận 8, Thành phố Hồ Chí Minh, Việt Nam","https://maps.app.goo.gl/SGGeaYceYSJEhrn67",""
1962,"13593","Hồ Chí Minh","BHX_HCM_Q08 - 721 Bình Đông","717-721 Bình Đông, Phường 13, Quận 8, Thành phố Hồ Chí Minh, Việt Nam","https://maps.app.goo.gl/Vka4FTr6uLDE5MBh8",""
1963,"13665","Hồ Chí Minh","BHX_HCM_Q08 - 118 Hưng Phú","118 Hưng Phú, Phường 8, Quận 8, Thành phố Hồ Chí Minh, Việt Nam","https://maps.app.goo.gl/4ZuA1qcYjm9qMqdB6",""
1964,"161","Hồ Chí Minh","BHX_HCM_BTA - 20 Trương Phước Phan","20 Trương Phước Phan, Khu phố 7, Phường Bình Trị Đông, Quận Bình Tân, Thành phố Hồ Chí Minh, Việt Nam","",""
1965,"191","Hồ Chí Minh","BHX_HCM_BTA - 393 Hương Lộ 3","393 Hương Lộ 3, Khu phố 8, Phường Bình Hưng Hòa, Quận Bình Tân, Thành phố Hồ Chí Minh, Việt Nam","https://maps.app.goo.gl/gwNYkdquDEn5BPDVA",""
1966,"202","Hồ Chí Minh","BHX_HCM_BTA - 473/4A Tỉnh Lộ 10","473/4A Tỉnh Lộ 10, Phường Bình Trị Đông B, Quận Bình Tân, Thành phố Hồ Chí Minh, Việt Nam","https://maps.app.goo.gl/2sFQNdWoPC2tgMSg7",""
1970,"1157","Hồ Chí Minh","BHX_HCM_BTA - 175 Lê Đình Cẩn","173A Lê Đình Cẩn, Khu Phố 6, Phường Tân Tạo, Quận Bình Tân, Thành phố Hồ Chí Minh, Việt Nam","",""
1971,"1257","Hồ Chí Minh","BHX_HCM_BTA - 261 Lê Đình Cẩn","261-261A Lê Đình Cẩn, Khu phố 5, Phường Tân Tạo, Quận Bình Tân, Thành phố Hồ Chí Minh, Việt Nam","https://maps.app.goo.gl/G1zowCuomraujeoV8",""
1973,"1374","Hồ Chí Minh","BHX_HCM_BTA - 201 Gò Xoài","201 Gò Xoài, Khu phố 2, Phường Bình Hưng Hòa A, Quận Bình Tân, Thành phố Hồ Chí Minh, Việt Nam","https://maps.app.goo.gl/aX1S3Y6pjSfdQk9u9",""
1974,"1418","Hồ Chí Minh","BHX_HCM_BTA - 29 Ao Đôi","29 Ao Đôi, khu phố 6, Phường Bình Trị Đông A, Quận Bình Tân, Thành phố Hồ Chí Minh, Việt Nam","https://maps.app.goo.gl/yNs9mD5An1bj4mXg6",""
1975,"1451","Hồ Chí Minh","BHX_HCM_BTA - 47 Đường 18B","Số 47, Khu phố 1, Đường 18B, Phường Bình Hưng Hòa A, Quận Bình Tân, Thành phố Hồ Chí Minh, Việt Nam","https://maps.app.goo.gl/G8dpaPJFkWDS5zQ77",""
1976,"1489","Hồ Chí Minh","BHX_HCM_BTA - 2 Đường 16","Số 2 Đường 1, Khu Phố 9, Phường Bình Hưng Hòa A, Quận Bình Tân, Thành phố Hồ Chí Minh, Việt Nam","https://maps.app.goo.gl/S75KCYNa7TR74DD59",""
1977,"1521","Hồ Chí Minh","BHX_HCM_BTA - 131 Chiến Lược","131 Chiến Lược, Khu phố 16, Phường Bình Trị Đông, Quận Bình Tân, Thành phố Hồ Chí Minh, Việt Nam","https://maps.app.goo.gl/ZBiQJ5YNfgkUd4tN7",""
1980,"1532","Hồ Chí Minh","BHX_HCM_BTA - 601 Tên Lửa","601 Tên Lửa, Khu Phố 2, Phường Bình Trị Đông B, Quận Bình Tân, Thành phố Hồ Chí Minh, Việt Nam","https://maps.app.goo.gl/vPzNMLvyBj3Jrok48",""
1981,"1561","Hồ Chí Minh","BHX_HCM_BTA - 129 Đường số 4","129 Đường số 4, Khu Phố 9, Phường Bình Hưng Hòa A, Quận Bình Tân, Thành phố Hồ Chí Minh, Việt Nam","https://maps.app.goo.gl/aunAfHKiiuKazzED6",""
1982,"1610","Hồ Chí Minh","BHX_HCM_BTA - 456 Lê Văn Quới","456- 458- 460 Lê Văn Quới, Khu phố 23, Phường Bình Hưng Hòa A, Quận Bình Tân, Thành phố Hồ Chí Minh, Việt Nam","https://maps.app.goo.gl/9zLULPKSQSFEsJTV6",""
1983,"1630","Hồ Chí Minh","BHX_HCM_BTA - 15 Đường 5C","15B Đường 5C, Khu phố 20, Phường Bình Hưng Hòa A, Quận Bình Tân, Thành phố Hồ Chí Minh, Việt Nam","https://maps.app.goo.gl/bQZXKpqHmm8iSoGm8",""
1984,"1633","Hồ Chí Minh","BHX_HCM_BTA - 103 Mã Lò","103 Mã lò, khu phố 8, Phường Bình Trị Đông A, Quận Bình Tân, Thành phố Hồ Chí Minh, Việt Nam","https://maps.app.goo.gl/8XKMhDcPrCV28VV48",""
1985,"1642","Hồ Chí Minh","BHX_HCM_BTA - 132 Liên khu 10-11","132 liên khu 10-11, khu phố 10, Phường Bình Trị Đông, Quận Bình Tân, Thành phố Hồ Chí Minh, Việt Nam","https://maps.app.goo.gl/s9d7E2eELGgUxbMXA",""
1986,"1694","Hồ Chí Minh","BHX_HCM_BTA - 11 Miếu Gò Xoài","11 Miếu Gò Xoài, khu phố 12, Phường Bình Hưng Hòa A, Quận Bình Tân, Thành phố Hồ Chí Minh, Việt Nam","https://maps.app.goo.gl/vVuBDUvFhYhZrDK49",""
1987,"1696","Hồ Chí Minh","BHX_HCM_BTA - 287 Phan Anh","287 Phan Anh, khu phố 4, Phường Bình Trị Đông, Quận Bình Tân, Thành phố Hồ Chí Minh, Việt Nam","https://maps.app.goo.gl/BSiRrCkN5DszYG1s9",""
1988,"1699","Hồ Chí Minh","BHX_HCM_BTA - 19/97B Đường Lô Tư","19/97B, đường Lô Tư, khu phố 2, Phường Bình Hưng Hòa A, Quận Bình Tân, Thành phố Hồ Chí Minh, Việt Nam","https://maps.app.goo.gl/jthr4HLULESESXEK8",""
1989,"1769","Hồ Chí Minh","BHX_HCM_BTA - 869 Hương Lộ 2","869 Hương Lộ 2, Khu phố 8, Phường Bình Trị Đông A, Quận Bình Tân, Thành phố Hồ Chí Minh, Việt Nam","https://maps.app.goo.gl/bRKFNHyuJrExT699A",""
1991,"1832","Hồ Chí Minh","BHX_HCM_BTA - 1732 Tỉnh Lộ 10","1730-1732 Tỉnh Lộ 10, khu phố 1, Phường Tân Tạo, Quận Bình Tân, Thành phố Hồ Chí Minh, Việt Nam","https://maps.app.goo.gl/tv1qRRn9Bf8bG6Ma8",""
1992,"1837","Hồ Chí Minh","BHX_HCM_BTA - 964 Hương Lộ 2","964/2C - 964/2D Hương Lộ 2, khu phố 10, Phường Bình Trị Đông A, Quận Bình Tân, Thành phố Hồ Chí Minh, Việt Nam","https://maps.app.goo.gl/iLaWdGfLBfjxxBFy6",""
1993,"1861","Hồ Chí Minh","BHX_HCM_BTA - 82A Bình Trị Đông","82A Bình Trị Đông, Khu phố 17, Phường Bình Trị Đông, Quận Bình Tân, Thành phố Hồ Chí Minh, Việt Nam","https://maps.app.goo.gl/uQAP8m5xw6kUgchj8",""
1995,"1865","Hồ Chí Minh","BHX_HCM_BTA - 4525 Nguyễn Cửu Phú","4525 Nguyễn Cửu Phú, khu phố 4, Phường Tân Tạo A, Quận Bình Tân, Thành phố Hồ Chí Minh, Việt Nam","https://maps.app.goo.gl/63yznAzUdu3Ss6V66",""
1996,"1935","Hồ Chí Minh","BHX_HCM_BTA - 146 Đường số 5","146 Đường số 5, Khu phố 8, Phường Bình Hưng Hòa, Quận Bình Tân, Thành phố Hồ Chí Minh, Việt Nam","https://maps.app.goo.gl/Adt3Uk492qGXf4D18",""
1997,"1942","Hồ Chí Minh","BHX_HCM_BTA - 46 Tên Lửa","46-48-50-52 Tên Lửa, Khu phố 01, Phường An Lạc A, Quận Bình Tân, Thành phố Hồ Chí Minh, Việt Nam","https://maps.app.goo.gl/ohaVvAK9JFV9rvm87",""
1998,"1969","Hồ Chí Minh","BHX_HCM_BTA - 4423 Nguyễn Cửu Phú","4423 Nguyễn Cửu Phú, Khu phố 4, Phường Tân Tạo A, Quận Bình Tân, Thành phố Hồ Chí Minh, Việt Nam","https://maps.app.goo.gl/YekFAYMuFqh574CY7",""
1999,"1970","Hồ Chí Minh","BHX_HCM_BTA - 223 Liên Khu 4-5","223-229 Liên khu 4-5, Khu phố 5, Phường Bình Hưng Hòa B, Quận Bình Tân, Thành phố Hồ Chí Minh, Việt Nam","https://maps.app.goo.gl/XMghmmUz2yfPBrWQ7",""
2000,"1992","Hồ Chí Minh","BHX_HCM_BTA - 164 Bùi Tư Toàn","164 Bùi Tư Toàn, Khu phố 4, Phường An Lạc, Quận Bình Tân, Thành phố Hồ Chí Minh, Việt Nam","https://maps.app.goo.gl/ELgsLZ9WmUECZf928",""
2001,"2004","Hồ Chí Minh","BHX_HCM_BTA - 574 SINCO","574/26 Hẻm Sinco, khu phố 4, Phường Bình Trị Đông B, Quận Bình Tân, Thành phố Hồ Chí Minh, Việt Nam","https://maps.app.goo.gl/1PG7nrZTw2WaPxqX8",""
2002,"2012","Hồ Chí Minh","BHX_HCM_BTA - 97 Khiếu Năng Tĩnh","97 Khiếu Năng Tĩnh, Khu phố 5, Phường An Lạc A, Quận Bình Tân, Thành phố Hồ Chí Minh, Việt Nam","https://maps.app.goo.gl/cP46orMMU9CjShSR8",""
2003,"2024","Hồ Chí Minh","BHX_HCM_BTA - 36 Đường số 8","36 - 38 Đường số 8, khu phố 04, Phường Tân Tạo A, Quận Bình Tân, Thành phố Hồ Chí Minh, Việt Nam","https://maps.app.goo.gl/PJLFzCowxiz6U97AA",""
2004,"2046","Hồ Chí Minh","BHX_HCM_BTA - 54 Trần Đại Nghĩa","54 Trần Đại Nghĩa, Khu phố 1, Phường Tân Tạo A, Quận Bình Tân, Thành phố Hồ Chí Minh, Việt Nam","https://maps.app.goo.gl/6p8chdF842rbzHKZ8",""
2007,"2130","Hồ Chí Minh","BHX_HCM_BTA - 690A Hương Lộ 2","690A-690B-692-692A Hương Lộ 2, Khu phố 4, Phường Bình Trị Đông A, Quận Bình Tân, Thành phố Hồ Chí Minh, Việt Nam","https://maps.app.goo.gl/sTwViptkcD8RED1m8",""
2008,"2143","Hồ Chí Minh","BHX_HCM_BTA - 69 Đường Số 15","69 Đường 15, Khu phố 10, Phường Bình Hưng Hòa, Quận Bình Tân, Thành phố Hồ Chí Minh, Việt Nam","https://maps.app.goo.gl/DC3gTTMwYwzaCsot9",""
2009,"2144","Hồ Chí Minh","BHX_HCM_BTA - 123 Đường Số 11","123-125 Đường số 11, khu phố 4, Phường Bình Hưng Hòa, Quận Bình Tân, Thành phố Hồ Chí Minh, Việt Nam","https://maps.app.goo.gl/SybZsUwDYPQBQTSdA",""
2010,"2192","Hồ Chí Minh","BHX_HCM_BTA - 6 Đường Số 40","6 đường số 40, khu phố 8, Phường Tân Tạo, Quận Bình Tân, Thành phố Hồ Chí Minh, Việt Nam","https://maps.app.goo.gl/ba6QdrumB68HDDkx8",""
2012,"2251","Hồ Chí Minh","BHX_HCM_BTA - 143 Liên khu 5-6","143/56 Liên Khu 5-6, Khu phố 10, Phường Bình Hưng Hòa B, Quận Bình Tân, Thành phố Hồ Chí Minh, Việt Nam","",""
2013,"2835","Hồ Chí Minh","BHX_HCM_BTA - 63 Đường Số 29","63-65 Đường Số 29, Phường Bình Trị Đông B, Quận Bình Tân, Thành phố Hồ Chí Minh, Việt Nam","https://maps.app.goo.gl/b7yr6wCfss6xswFe7",""
2014,"3400","Hồ Chí Minh","BHX_HCM_BTA - 20 Hồ Văn Long","20 - 22 Hồ Văn Long, Phường Tân Tạo, Quận Bình Tân, thành phố Hồ Chí Minh, Việt Nam","https://maps.app.goo.gl/1zhCe6VgVNTmrxyKA",""
2015,"3669","Hồ Chí Minh","BHX_HCM_BTA - 43A Bình Thành","43A - 43B - 45 Bình Thành, Phường Bình Hưng Hoà B, Quận Bình Tân, Thành Phố Hồ Chí Minh, Việt Nam","https://maps.app.goo.gl/AE5XHbr6ZXDR1cQR6",""
2016,"3818","Hồ Chí Minh","BHX_HCM_BTA - 390/65/55 Quốc Lộ 1A","390/65/55 Quốc Lộ 1A, Khu phố 3, Phường Bình Hưng Hoà B, Quận Bình Tân, Thành phố Hồ Chí Minh, Việt Nam","https://maps.app.goo.gl/qj93QgeuJuYUcteTA",""
2017,"3999","Hồ Chí Minh","BHX_HCM_BTA - 159 Chiến Lược","159 -159A Chiến Lược, Khu Phố 3, Phường Bình Hưng Hoà A, Quận Bình Tân, Thành Phồ Hồ Chí Minh, Việt Nam","https://maps.app.goo.gl/9CLKhfVnaAfqKDoD9",""
2018,"4345","Hồ Chí Minh","BHX_HCM_BTA - 135B -135C Bình Long","135B và 135C Bình Long, Phường Bình Hưng Hòa A, Quận Bình Tân, Thành Phố Hồ Chí Minh, Việt Nam","https://maps.app.goo.gl/ZqQ1JjBTGFGBUzLb8",""
2019,"5458","Hồ Chí Minh","BHX_HCM_BTA - 90 Bùi Dương Lịch","90 - 92 - 94 Bùi Dương Lịch, Khu phố 1, Phường Bình Hưng Hòa B, Quận Bình Tân, Thành Phố Hồ Chí Minh, Việt Nam","",""
2020,"5804","Hồ Chí Minh","BHX_HCM_BTA - 143 Phạm Đăng Giảng","143 Phạm Đăng Giảng, Phường Bình Hưng Hòa, Quận Bình Tân, Thành Phố Hồ Chí Minh, Việt Nam","",""
2021,"6272","Hồ Chí Minh","BHX_HCM_BTA - 87 Tây Lân","87 Tây Lân, Phường Bình Trị Đông A, Quận Bình Tân, Thành Phố Hồ Chí Minh, Việt Nam","https://maps.app.goo.gl/iigRgUFj1u7PXRtA7",""
2022,"6370","Hồ Chí Minh","BHX_HCM_BTA - 27 Đường Số 5","27 - 29 Đường số 5, Khu Dân Cư Phía Bắc Kênh Lương Bèo, Phường Tân Tạo A, Quận Bình Tân, Thành Phố Hồ Chí Minh, Việt Nam","https://maps.app.goo.gl/Bkv5ia5cwkyHoDv58",""
2023,"6403","Hồ Chí Minh","BHX_HCM_BTA - 172 Đường Số 8","172 Đường số 8, Phường Bình Hưng Hòa, Quận Bình Tân, Thành Phố Hồ Chí Minh, Việt Nam","https://maps.app.goo.gl/828R7km7hQ39Qbqc9",""
2024,"6835","Hồ Chí Minh","BHX_HCM_BTA - 56 Nguyễn Thức Tự","54-56-58 Lô M, Đường Nguyễn Thức Tự, Khu phố 3, Phường An Lạc A, Quận Bình Tân, Thành phố Hồ Chí Minh, Việt Nam","https://maps.app.goo.gl/k3Zz6Dm8RAYTfrj69",""
2025,"7588","Hồ Chí Minh","BHX_HCM_BTA - 123 Liên Khu 5-6","123 đường Liên khu 5-6, Khu phố 10, Phường Bình Hưng Hòa B, Quận Bình Tân, Thành phố Hồ Chí Minh, Việt Nam","https://maps.app.goo.gl/aker5jovooJ1GYQk6",""
2027,"8576","Hồ Chí Minh","BHX_HCM_BTA - 331 Lê Văn Quới","331 Lê Văn Quới, Khu phố 1, Phường Bình Trị Đông, Quận Bình Tân, Thành phố Hồ Chí Minh, Việt Nam","https://maps.app.goo.gl/3YmAfVoTaNqXH4mc9",""
2029,"9190","Hồ Chí Minh","BHX_HCM_BTA - 66 Đường số 1","66 Đường số 1, khu phố 3, Phường An Lạc, Quận Bình Tân, Thành phố Hồ Chí Minh, Việt Nam","https://maps.app.goo.gl/m5Knk3B9kvb4LgtU9",""
2030,"9215","Hồ Chí Minh","BHX_HCM_BTA - 36 Đường số 54","36-38-40-42-46-48 Đường số 54, Phường Tân Tạo, Quận Bình Tân, Thành phố Hồ Chí Minh, Việt Nam","https://maps.app.goo.gl/Z6TtAkEn5dzcnTo67",""
2031,"10110","Hồ Chí Minh","BHX_HCM_BTA - 295 Tân Hoà Đông","295 Tân Hòa Đông, Khu phố 14, Phường Bình Trị Đông, Quận Bình Tân, Thành phố Hồ Chí Minh, Việt Nam","https://maps.app.goo.gl/pU38a2vTsyTM4pUX8",""
2032,"10125","Hồ Chí Minh","BHX_HCM_BTA - 532 Tỉnh Lộ 10","532 Tỉnh Lộ 10, Khu Phố 16, Phường Bình Trị Đông, Quận Bình Tân, Thành phố Hồ Chí Minh, Việt Nam","https://maps.app.goo.gl/TGYw8p6yhHite2EC9",""
2034,"10137","Hồ Chí Minh","BHX_HCM_BTA - 199 Trần Thanh Mại","197-199 Trần Thanh Mai, Phường Tân Tạo A, Quận Bình Tân, Thành phố Hồ Chí Minh, Việt Nam","https://maps.app.goo.gl/km2NTZFNXHGWeaAr7",""
2036,"15878","Hồ Chí Minh","BHX_HCM_BTA - 09 Nguyễn Quý Yêm","09 Nguyễn Quý Yêm, Khu phố 4, Phường An Lạc, Quận Bình Tân, Thành phố Hồ Chí Minh, Việt Nam","https://maps.app.goo.gl/nLaMFjBRZdWLqfiU8",""
2037,"27917","Hồ Chí Minh","BHX_HCM_BTA - Căn Hộ Flora ( Akari Hoàng Nam )","Căn thương mại dịch vụ số AK5-000.05, Tháp T4,T5-Block D, Chung cư Hoàng Nam (Akari City), Số 77 Đường Võ Văn Kiệt, Phường An Lạc, Quận Bình Tân, Thành phố Hồ Chí Minh, Việt Nam","https://maps.app.goo.gl/3Z4vMifiKmFAvXTS7",""
2040,"3251","Hồ Chí Minh","BHX_HCM_BTH - 860/42 Xô Viết Nghệ Tĩnh","860/42 Xô Viết Nghệ Tĩnh, Phường 25, Quận Bình Thạnh, Thành phố Hồ Chí Minh, Việt Nam","https://maps.app.goo.gl/3JN7FGqMHRqxFwKr5",""
2044,"4407","Hồ Chí Minh","BHX_HCM_BTH - 371 Bình Quới","371 - 373 Đường Bình Quới, Phường 28, Quận Bình Thạnh, Thành Phố Hồ Chí Minh, Việt Nam","https://maps.app.goo.gl/YKzMV1KEZyU9jgtB6",""
2045,"4745","Hồ Chí Minh","BHX_HCM_BTH - 8 Bình Lợi","8 Đường Bình Lợi, Phường 13, Quận Bình Thạnh, Thành Phố Hồ Chí Minh, Việt Nam","https://maps.app.goo.gl/iLmPMCmaKarCRz5q8",""
2046,"5073","Hồ Chí Minh","BHX_HCM_BTH - 173 Bùi Đình Túy","Số 173 Đường Bùi Đình Túy, Phường 24, Quận Bình Thạnh, Thành Phố Hồ Chí Minh, Việt Nam","https://maps.app.goo.gl/YfxHR4SsXfAorbFm8",""
2047,"5388","Hồ Chí Minh","BHX_HCM_BTH - 234 Hoàng Hoa Thám","Số 234 Hoàng Hoa Thám, Phường 5, Quận Bình Thạnh, Thành Phố Hồ Chí Minh, Việt Nam","https://maps.app.goo.gl/fqkYsV4eRcSphQph6",""
2048,"5455","Hồ Chí Minh","BHX_HCM_BTH - 125/7 Bùi Đình Túy","125/7 - 125/9 Bùi Đình Túy, Phường 24, Quận Bình Thạnh, Thành Phố Hồ Chí Minh, Việt Nam","https://maps.app.goo.gl/99NVrujgQzXH4Dw16",""
2049,"6155","Hồ Chí Minh","BHX_HCM_BTH - 109 Bình Quới","109 -109A - 109/1 Bình Qưới, Phường 27, Quận Bình Thạnh, Thành phố Hồ Chí Minh, Việt Nam","https://maps.app.goo.gl/cAf9T6cF89VytbNw5",""
2051,"6420","Hồ Chí Minh","BHX_HCM_BTH - 138 Nguyễn Xí","138 Nguyễn Xí, Phường 26, Quận Bình Thạnh, Thành Phố Hồ Chí Minh, Việt Nam","https://maps.app.goo.gl/bm6PKtnizfe4NB8Z8",""
2052,"6588","Hồ Chí Minh","BHX_HCM_BTH - 45B Đường D5","45B-45C-45D Đường D5, Phường 25, Quận Bình Thạnh, Thành Phố Hồ Chí Minh, Việt Nam","",""
2053,"6968","Hồ Chí Minh","BHX_HCM_BTH - 88 Phan Văn Hân","84 - 86 - 88 - 90 Phan Văn Hân, Phường 17, Quận Bình Thạnh, Thành phố Hồ Chí Minh, Việt Nam","https://maps.app.goo.gl/anGn6UeTSxTRNiv16",""
2056,"9028","Hồ Chí Minh","BHX_HCM_BTH - 01 Võ Trường Toản","01 Võ Trường Toản, Phường 2, Quận Bình Thạnh, Thành phố Hồ Chí Minh, Việt Nam","https://maps.app.goo.gl/augfgJKTB8JAaUH9A",""
2057,"9208","Hồ Chí Minh","BHX_HCM_BTH - 335 Nơ Trang Long","335 Nơ Trang Long, Phường 13, Quận Bình Thạnh, Thành phố Hồ Chí Minh, Việt Nam","https://maps.app.goo.gl/ek4h29imEGKRFtZc7",""
2063,"2792","Hồ Chí Minh","BHX_HCM_GVA - 95 Đường Số 13","95 Đường số 13, Phường 11, Quận Gò Vấp, Thành phố Hồ Chí Minh, Việt Nam","https://maps.app.goo.gl/PcRNy4TZFYTnAvTNA",""
2064,"2854","Hồ Chí Minh","BHX_HCM_GVA - 730 Lê Đức Thọ","730/54 Lê Đức Thọ, Phường 15, Quận Gò Vấp, Thành phố Hồ Chí Minh, Việt Nam","https://maps.app.goo.gl/dcbhRP5jvYGtM7ho8",""
2065,"3092","Hồ Chí Minh","BHX_HCM_GVA - 384 Dương Quảng Hàm","384 Dương Quảng Hàm, Phường 05, Quận Gò Vấp, Thành phố Hồ Chí Minh, Việt Nam","https://maps.app.goo.gl/Q2JTCxoBWbK52GLr6",""
2066,"3326","Hồ Chí Minh","BHX_HCM_GVA - 390 Nguyễn Oanh","390 Nguyễn Oanh, Phường 6, Quận Gò Vấp, Thành phố Hồ Chí Minh, Việt Nam","",""
2068,"3471","Hồ Chí Minh","BHX_HCM_GVA - 330 Lê Đức Thọ","330 - 332 Lê Đức Thọ, Phường 6, Quận Gò Vấp, Thành phố Hồ Chí Minh, Việt Nam","https://maps.app.goo.gl/34fdbPg7BrEV9uhw9",""
2070,"3555","Hồ Chí Minh","BHX_HCM_GVA - 26 Nguyễn Thượng Hiền","26 Nguyễn Thượng Hiền, Phường 1, Quận Gò Vấp, Thành Phố Hồ Chí Minh, Việt Nam","https://maps.app.goo.gl/WJo7SvL58yP9MDSw8",""
2071,"3624","Hồ Chí Minh","BHX_HCM_GVA - 278 Phạm Văn Chiêu","278 Phạm Văn Chiêu, phường 09, Quận Gò Vấp, Thành Phố Hồ Chí Minh, Việt Nam","https://maps.app.goo.gl/brpUicEG17Hh697DA",""
2072,"3761","Hồ Chí Minh","BHX_HCM_GVA - 111 Lê Đức Thọ","111 – 113 Lê Đức Thọ, Phường 17 Quận Gò Vấp, Thành phố Hồ Chí Minh, Việt Nam","https://maps.app.goo.gl/tK7kDCZePCxPJDEP7",""
2074,"3969","Hồ Chí Minh","BHX_HCM_GVA - 43/1A Đường Số 10","43/1A Đường số 10, Phường 08, Quận Gò Vấp, Thành Phố Hồ Chí Minh, Việt Nam","https://maps.app.goo.gl/or6CDqFFTb4QBp6x6",""
2078,"5056","Hồ Chí Minh","BHX_HCM_GVA - 91/2 Đường Số 1","91/2 Đường số 1, Phường 11, Quận Gò Vấp, Thành phố Hồ Chí Minh, Việt Nam","https://maps.app.goo.gl/pBEHDEhaDwqYJQqy8",""
2079,"5065","Hồ Chí Minh","BHX_HCM_GVA - 75 Đường Số 3","75 - 77 Đường số 3, Phường 9, Quận Gò Vấp, Thành Phố Hồ Chí Minh, Việt Nam","https://maps.app.goo.gl/L8cS93z8TQMvXt4a9",""
2080,"5484","Hồ Chí Minh","BHX_HCM_GVA - 39A Đường Số 59","39A Đường số 59, Phường 14, Quận Gò Vấp, Thành Phố Hồ Chí Minh, Việt Nam","https://maps.app.goo.gl/7jGJH7QL2jvFj16J9",""
2083,"6008","Hồ Chí Minh","BHX_HCM_GVA - 357 Lê Văn Thọ","357 - 359 - 361 Lê Văn Thọ, Phường 9, Quận Gò Vấp, Thành phố Hồ Chí Minh, Việt Nam","https://maps.app.goo.gl/9nuTnfgQVi819kBo6",""
2084,"6290","Hồ Chí Minh","BHX_HCM_GVA - 62 Nguyễn Văn Nghi","Số 62-64-66 Nguyễn Văn Nghi, Phường 5, Quận Gò Vấp, Thành Phố Hồ Chí Minh, Việt Nam","https://maps.app.goo.gl/xs21bERYAG7eJfKD6",""
2085,"6306","Hồ Chí Minh","BHX_HCM_GVA - 111 Nguyễn Văn Nghi","111-113 Nguyễn Văn Nghi, Phường 7, Quận Gò Vấp, Thành Phố Hồ Chí Minh, Việt Nam","",""
2087,"7758","Hồ Chí Minh","BHX_HCM_GVA - 2 Lê Lợi","02 Lê Lợi, Phường 04, Quận Gò Vấp, Thành phố Hồ Chí Minh , Việt Nam","https://maps.app.goo.gl/21hNmJ2AJL6BAHcw9",""
2088,"7985","Hồ Chí Minh","BHX_HCM_GVA - 618 Lê Đức Thọ","618 Lê Đức Thọ, Phường 15, Quận Gò Vấp, Thành phố Hồ Chí Minh , Việt Nam","https://maps.app.goo.gl/hqpeCndvtuBv7iNS7",""
2090,"8795","Hồ Chí Minh","BHX_HCM_GVA -43 ĐỖ THÚC TỊNH","43 - 43A Đỗ Thúc Tịnh, Phường 12, Quận Gò Vấp, Thành phố Hồ Chí Minh, Việt Nam","https://maps.app.goo.gl/gAgpvxF9ce6ArjBH6",""
2091,"13785","Hồ Chí Minh","BHX_HCM_GVA - 884 Lê Đức Thọ","884 Lê Đức Thọ, Phường 15, Quận Gò Vấp, Thành Phố Hồ Chí Minh, Việt Nam","https://maps.app.goo.gl/VV1NYXQqJd287qnq7",""
2092,"13839","Hồ Chí Minh","BHX_HCM_GVA - 280A Dương Quảng Hàm","280A-280B Dương Quảng Hàm, Phường 5, Gò Vấp, Thành phố Hồ Chí Minh, Việt Nam","https://maps.app.goo.gl/3ZnAXqrYdTUfq7n48",""
2093,"27921","Hồ Chí Minh","BHX_HCM_GVA - Cityland Park Hills","Lô Thương mại P5-00.12A, Chung cư CH1, Đường số 10, Khu dân cư CityLand Park Hills, Phường 10, Quận Gò Vấp, Thành phố Hồ Chí Minh, Việt Nam","https://maps.app.goo.gl/4LQVSPYHoDUgmM347",""
2094,"3388","Hồ Chí Minh","BHX_HCM_PNH - 123 Trần Hữu Trang","123 Trần Hữu Trang, Phường 10, Quận Phú Nhuận, thành phố Hồ Chí Minh, Việt Nam","https://maps.app.goo.gl/4t94YmgzK6q38EZ38",""
2095,"4075","Hồ Chí Minh","BHX_HCM_PNH - 2C-2D Phùng Văn Cung","2C-2D Phùng Văn Cung, phường 07, Quận Phú Nhuận, Thành Phố Hồ Chí Minh, Việt Nam","https://maps.app.goo.gl/HeMUU6QszqBJsWTZ6",""
2096,"6628","Hồ Chí Minh","BHX_HCM_PNH - 70 Nguyễn Trọng Tuyển","70 Nguyễn Trọng Tuyển, Phường 15, Quận Phú Nhuận, Thành Phố Hồ Chí Minh, Việt Nam","https://maps.app.goo.gl/9qh229CQ3K64AXwN8",""
2097,"6989","Hồ Chí Minh","BHX_HCM_PNH - 244 Huỳnh Văn Bánh","244 Huỳnh Văn Bánh, Phường 11, Quận Phú Nhuận, Thành Phố Hồ Chí Minh, Việt Nam","https://maps.app.goo.gl/ZKZFJEPAeeUiUPGc9",""
2098,"7335","Hồ Chí Minh","BHX_HCM_PNH - 223 Nguyễn Trọng Tuyển","223 Nguyễn Trọng Tuyển, Phường 08, Quận Phú Nhuận, Thành phố Hồ Chí Minh, Việt Nam","https://maps.app.goo.gl/GryGPevy6B65nZ6S6",""
2099,"7601","Hồ Chí Minh","BHX_HCM_PNH - 1B Thích Quảng Đức","1B Thích Quảng Đức, Phường 03, Quận Phú Nhận, Thành phố Hồ Chí Minh, Việt Nam","https://maps.app.goo.gl/ydbnESm8KKhjZ1Go7",""
2101,"13659","Hồ Chí Minh","BHX_HCM_PNH - 24 Đoàn Thị Điểm","24 Đoàn Thị Điểm, Phường 01, Quận Phú Nhuận, Thành phó Hồ Chí Minh, Việt Nam","https://maps.app.goo.gl/Q3yEhRv86KXDcKq58",""
2103,"2272","Hồ Chí Minh","BHX_HCM_TBI - 633 Phạm Văn Bạch","633 Phạm Văn Bạch,, Phường 15, Quận Tân Bình, Thành phố Hồ Chí Minh, Việt Nam","https://maps.app.goo.gl/pKohDSThm9e2tjir8",""
2104,"3070","Hồ Chí Minh","BHX_HCM_TBI - 171 Võ Thành Trang","171 – 173 Võ Thành Trang, Phường 11, Quận Tân Bình, Thành phố Hồ Chí Minh, Việt Nam","https://maps.app.goo.gl/aMy4o8goUCMoiQZXA",""
2105,"3199","Hồ Chí Minh","BHX_HCM_TBI - 55 Cống Lỡ","55 - 55A đường Cống Lở, Phường 15, Quận Tân Bình, Thành phố Hồ Chí Minh, Việt Nam","https://maps.app.goo.gl/n1TkLVbsyBe7XUh87",""
2106,"3238","Hồ Chí Minh","BHX_HCM_TBI - 84 Bình Giã","84 Bình Giã, Phường 13, Quận Tân Bình, Thành phố Hồ Chí Minh, Việt Nam","https://maps.app.goo.gl/R6Xcvd2xNi9ftrgG6",""
2107,"3371","Hồ Chí Minh","BHX_HCM_TBI - 166A Trần Văn Quang","166A-106B Trần Văn Quang, Phường 10, Quận Tân Bình, Thành phố Hồ Chí Minh, Việt Nam","https://maps.app.goo.gl/A8Ae1EAHSxfRZsScA",""
2108,"3447","Hồ Chí Minh","BHX_HCM_TBI - 373 Lý Thường Kiệt","373/176-373/178 Lý Thường Kiệt, Phường 08, Quận Tân Bình, Thành phố Hồ Chí Minh, Việt Nam","https://maps.app.goo.gl/MP952yDNUs2H4boa6",""
2109,"3646","Hồ Chí Minh","BHX_HCM_TBI - 8 Dương Vân Nga","8 Dương Vân Nga, Phường 2, Quận Tân Bình, Thành Phố Hồ Chí Minh, Việt Nam","https://maps.app.goo.gl/yPyKuvUVFJTpXNm5A",""
2110,"4220","Hồ Chí Minh","BHX_HCM_TBI - 66-66A-68A Thân Nhân Trung","66A - 68A Thân Nhân Trung, Phường 13, Quận Tân Bình, Thành Phố Hồ Chí Minh, Việt Nam","https://maps.app.goo.gl/Ho8aPbKbDMmx6big6",""
2111,"4405","Hồ Chí Minh","BHX_HCM_TBI - 112 Hoàng Hoa Thám","112 Hoàng Hoa Thám, Phường 12, Quận Tân Bình, Thành phố Hồ Chí Minh, Việt Nam","https://maps.app.goo.gl/KCmBx5JfTRJ6XgRF6",""
2112,"5260","Hồ Chí Minh","BHX_HCM_TBI - 15 Nguyễn Sỹ Sách","Số 13B - 15 Nguyễn Sỹ Sách, Phường 15, Quận Tân Bình, Thành Phố Hồ Chí Minh, Việt Nam","https://maps.app.goo.gl/W14AXizjTN9PKHqDA",""
2114,"5488","Hồ Chí Minh","BHX_HCM_TBI - 61 Nhất Chi Mai","Số 61-63 Nhất Chi Mai, Phường 13, Quận Tân Bình, Thành Phố Hồ Chí Minh, Việt Nam","https://maps.app.goo.gl/xDmxPMyCYt1s4Ybt7",""
2115,"5953","Hồ Chí Minh","BHX_HCM_TBI - 16 Hát Giang","16 Hát Giang, Phường 12, Quận Tân Bình, Thành Phố Hồ Chí Minh, Việt Nam","https://maps.app.goo.gl/pZynf6Xc6QhEszQ69",""
2116,"6743","Hồ Chí Minh","BHX_HCM_TBI - 718 Âu Cơ","718-720 Âu Cơ, Phường 14, Quận Tân Bình, Thành Phố Hồ Chí Minh, Việt Nam","https://maps.app.goo.gl/JB8oUCfSaG18wXfr8",""
2117,"6991","Hồ Chí Minh","BHX_HCM_TBI - 233B Bùi Thị Xuân","233B Bùi Thị Xuân, Phường 1, Quận Tân Bình, Thành Phố Hồ Chí Minh, Việt Nam","https://maps.app.goo.gl/7YVbANGMJP3qbhyt9",""
2120,"8350","Hồ Chí Minh","BHX_HCM_TBI - 149 Hoàng Hoa Thám","149 - 149A Hoàng Hoa Thám, Phường 13, Quận Tân Bình, Thành Phố Hồ Chí Minh , Việt Nam","https://maps.app.goo.gl/e2hpDiRx9cXoxGZa6",""
2121,"13613","Hồ Chí Minh","BHX_HCM_TBI - 87 Đồng Đen","87-89 Đồng Đen, Phường 12, Quận Tân Bình, Thành phố Hồ Chí Minh, Việt Nam","https://maps.app.goo.gl/9F1gLZRcGgPfKmJm7",""
2122,"116","Hồ Chí Minh","BHX_HCM_TPH - 195 Dương Văn Dương","193-195 Dương Văn Dương, Phường Tân Quý, Quận Tân Phú, Thành phố Hồ Chí Minh, Việt Nam","https://maps.app.goo.gl/SBTC4pkQbrtYbpax8",""
2125,"1559","Hồ Chí Minh","BHX_HCM_TPH - 113 Tô Hiệu","113 Tô Hiệu, Phường Hiệp Tân, Quận Tân Phú, Thành phố Hồ Chí Minh, Việt Nam","",""
2127,"1885","Hồ Chí Minh","BHX_HCM_TPH - 363 Lê Trọng Tấn","363 Lê Trọng Tấn, Phường Sơn Kỳ, Quận Tân Phú, Thành phố Hồ Chí Minh, Việt Nam","https://maps.app.goo.gl/tLm73KvsuCEJ29Qy6",""
2128,"1933","Hồ Chí Minh","BHX_HCM_TPH - 871 Âu Cơ","871 Âu Cơ, Phường Tân Sơn Nhì, Quận Tân Phú, Thành phố Hồ Chí Minh, Việt Nam","https://maps.app.goo.gl/CrDsF7oTXy4W2bVDA",""
2129,"1972","Hồ Chí Minh","BHX_HCM_TPH - 216 Kênh 19 Tháng 5","216-218-220 Đường Kênh 19 tháng 5B, Phường Tây Thạnh, Quận Tân Phú, Thành phố Hồ Chí Minh, Việt Nam","https://maps.app.goo.gl/pLnTX6vQEQXBdcD36",""
2130,"1975","Hồ Chí Minh","BHX_HCM_TPH - 3 Sơn Kỳ","Số 3 đường Sơn Kỳ, Phường Sơn Kỳ, Quận Tân Phú, Thành phố Hồ Chí Minh, Việt Nam","https://maps.app.goo.gl/qDpHBJCUhwgPffdb9",""
2131,"2023","Hồ Chí Minh","BHX_HCM_TPH - 28 Đường số 27","28-28A- 28B Đường số 27, Phường Sơn Kỳ, Quận Tân Phú, Thành phố Hồ Chí Minh, Việt Nam","",""
2132,"2111","Hồ Chí Minh","BHX_HCM_TPH - 138 Lý Thánh Tông","138-138A Lý Thánh Tông, Phường Hiệp Tân, Quận Tân Phú, Thành phố Hồ Chí Minh,, Việt Nam","https://maps.app.goo.gl/bZ27gCiuAbfuZP5M7",""
2134,"2229","Hồ Chí Minh","BHX_HCM_TPH - 5A Vườn Lài","5A - 5B Vườn Lài, Phường Phú Thọ Hoà, Quận Tân Phú, Thành phố Hồ Chí Minh, Việt Nam","https://maps.app.goo.gl/zMR2q2oyKTehFxBs9",""
2135,"3233","Hồ Chí Minh","BHX_HCM_TPH - 45 Hoàng Ngọc Phách","45 Hoàng Ngọc Phách, Phường Phú Thọ Hòa, Quận Tân Phú, Thành phố Hồ Chí Minh, Việt Nam","https://maps.app.goo.gl/V96NsSEdQpTqYwfU6",""
2136,"3612","Hồ Chí Minh","BHX_HCM_TPH - 28 Trịnh Đình Thảo","28 Trịnh Đình Thảo, Phường Hoà Thạnh, Quận Tân Phú, Thành phố Hồ Chí Minh, Việt Nam","https://maps.app.goo.gl/ces2TtKR9odoz7bU6",""
2137,"4880","Hồ Chí Minh","BHX_HCM_TPH - 247 Khuông Việt","247 - 249 Khuông Việt, Phường Phú Trung, Quận Tân Phú, Thành phố Hồ Chí Minh, Việt Nam","https://maps.app.goo.gl/iWV8EudiaGxL1mQ28",""
2138,"5229","Hồ Chí Minh","BHX_HCM_TPH - 60 Nguyễn Cửu Đàm","Số 60-62-64 Đường Nguyễn Cửu Đàm, Phường Tân Sơn Nhì, Quận Tân Phú, Thành phố Hồ Chí Minh, Việt Nam","https://maps.app.goo.gl/D8JYAZgpAC1g4cUM8",""
2141,"6873","Hồ Chí Minh","BHX_HCM_TPH - 44 Đường D9","44-45-46 Đường D9, Phường Tây Thạnh, Quận Tân Phú, Thành phố Hồ Chí Minh, Việt Nam","https://maps.app.goo.gl/ihodHw9THaU16sjt5",""
2144,"8152","Hồ Chí Minh","BHX_HCM_TPH - 108 Tân Hương","108 Tân Hương, Phường Tân Quý, Quận Tân Phú, TP. Hồ Chí Minh , Việt Nam","https://maps.app.goo.gl/HrEmmg8cke6bs4R36",""
2145,"8875","Hồ Chí Minh","BHX_HCM_TPH - 165 Lê Trọng Tấn","165-167 Lê Trọng Tấn, Phường Sơn Kỳ,Quận Tân Phú, hành Phố Hồ Chí Minh, Việt Nam","https://maps.app.goo.gl/PnsyvpeJsDJZffCG7",""
2146,"8904","Hồ Chí Minh","BHX_HCM_TPH - 359 Tân Hương","359 - 361 - 363 - 365 và 329/12/18-20 Tân Hương, Phường Tân Quý, Quận Tân Phú, | Thành phố Hồ Chí Minh, Việt Nam","https://maps.app.goo.gl/YQFmjnRWUGCuU4To7",""
2147,"10068","Hồ Chí Minh","BHX_HCM_TPH - 60 Huỳnh Thiện Lộc","56-58-60 Huỳnh Thiện Lộc, Phường Hoà Thạnh, Quận Tân Phú, Thành phố Hồ Chí Minh, Việt Nam","https://maps.app.goo.gl/K9ar2EFBRYJUYNTs5",""
2148,"10151","Hồ Chí Minh","BHX_HCM_TPH - 34 Lương Minh Nguyệt","34 Lương Minh Nguyệt, Phường Tân Thới Hoà, Quận Tân Phú, Thành phố Hồ Chí Minh, Việt Nam","https://maps.app.goo.gl/DnesZA3zDeQ6CkEU7",""
2149,"10299","Hồ Chí Minh","BHX_HCM_TPH - 131-133 Văn Cao","131 - 133 Văn Cao, Phường Phú Thọ Hoà, Quận Tân Phú, Thành phố Hồ Chí Minh, Việt Nam","https://maps.app.goo.gl/i9Nj3tP1tciRZmJA9",""
2150,"13739","Hồ Chí Minh","BHX_HCM_TPH - 96 Trịnh Đình Trọng","96-98 Trịnh Đình Trọng, Phường Phú Trung, Quận Tân Phú, Thành phố Hồ Chí Minh, Việt Nam","https://maps.app.goo.gl/nVkbBAbdtwos25nY6",""
2151,"27902","Hồ Chí Minh","BHX_HCM_TPH - Chung cư RichStar 2","RS6-SH.10 VÀ RS6-SH.11 tầng 1+2 Tháp RS6, Chung cư Richstar Residence, Số 239-241 và 278 Đường Hòa Bình, Phường Hiệp Tân, Quận Tân Phú, Thành phố Hồ Chí Minh, Việt Nam","https://maps.app.goo.gl/xQTTpN9ESL9E4mKd7",""
2162,"2911","Hồ Chí Minh","BHX_HCM_TDU - 65/10 Đường Số 5 (Linh Xuân)","65/10 Đường số 5, khu phố 2 , Phường Linh Xuân, Thành phố Thủ Đức, Thành phố Hồ Chí Minh, Việt Nam","https://maps.app.goo.gl/DA7Lntw1HrmNmQZ56",""
2164,"3093","Hồ Chí Minh","BHX_HCM_TDU - 248 Nguyễn Văn Tăng","248 Nguyễn Văn Tăng, Tổ 2, Khu phố Gò Công, Phường Long Thạnh Mỹ, Thành phố Thủ Đức, Thành phố Hồ Chí Minh, Việt Nam","https://maps.app.goo.gl/PLEhBVbNzydAcnoP9",""
2165,"3095","Hồ Chí Minh","BHX_HCM_TDU - 36 Tây Hòa (Phước Long A)","36B- 38 đường Tây Hòa, Khu phố 04, Phường Phước Long A, Thành phố Thủ Đức, Thành phố Hồ Chí Minh, Việt Nam","https://maps.app.goo.gl/mA1zxn8bAFhisVc99",""
2168,"3254","Hồ Chí Minh","BHX_HCM_TDU - 4A Đường Số 11","Số 4A Đường số 11, Khu phố 1, Phường Linh Tây, Thành phố Thủ Đức, Thành phố Hồ Chí Minh, Việt Nam","",""
2169,"3255","Hồ Chí Minh","BHX_HCM_TDU - 39 Lê Văn Chí","39 Lê Văn Chí, Khu phố 3, Phường Linh Trung, Thành phố Thủ Đức, Thành phố Hồ Chí Minh, Việt Nam","https://maps.app.goo.gl/iZ9xH6cxC4mB9URe8",""
2173,"3386","Hồ Chí Minh","BHX_HCM_TDU - 205 Lã Xuân Oai","205 Lã Xuân Oai, Khu phố 4, Phường Tăng Nhơn Phú A, Thành phố Thủ Đức, Thành phố Hồ Chí Minh, Việt Nam","https://maps.app.goo.gl/59DU1sjYJYDo7sVy7",""
2176,"3437","Hồ Chí Minh","BHX_HCM_TDU - 419 Nguyễn Thị Định","419 Nguyễn Thị Định, Phường Cát Lái, Thành phố Thủ Đức, Thành phố Hồ Chí Minh, Việt Nam","https://maps.app.goo.gl/hhzAFKg1RnL4KnvV8",""
2178,"3469","Hồ Chí Minh","BHX_HCM_TDU - 53-53/4 Đường Số 8","51A - 53 - 53/4 Đường số 8, Khu phố 1, Phường Linh Xuân, Thành phố Thủ Đức, Thành phố Hồ Chí Minh, Việt Nam","https://maps.app.goo.gl/cPrezDrEGqL5JmSW6",""
2179,"3588","Hồ Chí Minh","BHX_HCM_TDU - 2A Đường Số 5","83 Đặng Văn Bi, Khu phố 5, Phường Trường Thọ, Thành phố Thủ Đức, Thành phố Hồ Chí Minh, Việt Nam","https://maps.app.goo.gl/6dSTqQ5KnAVP73YE7",""
2180,"3589","Hồ Chí Minh","BHX_HCM_TDU - 1267 Tỉnh Lộ 43","1267 Tỉnh Lộ 43, Khu phố 2, Phường Bình Chiểu, Thành phố Thủ Đức, Thành phố Hồ Chí Minh, Việt Nam","https://maps.app.goo.gl/hwvF2YeNf6wQPjSLA",""
2187,"3773","Hồ Chí Minh","BHX_HCM_TDU - 07 Ngô Quyền","7 Ngô Quyền, Khu phố 2, Phường Hiệp Phú, Thành phố Thủ Đức, Thành phố Hồ Chí Minh, Việt Nam","https://maps.app.goo.gl/zbcrBSrB6mRmPoSj6",""
2194,"4288","Hồ Chí Minh","BHX_HCM_TDU - 87 Man Thiện","85A - 87 Man Thiện, Phường Hiệp Phú, Thành phố Thủ Đức, Thành phố Hồ Chí Minh, Việt Nam","https://maps.app.goo.gl/LRTM37aaAm2Hz6BS8",""
2195,"4361","Hồ Chí Minh","BHX_HCM_TDU - Số 3 Đường Số 6","Số 3 Đường số 6, Khu phố 2, Phường Bình Thọ, Thành phố Thủ Đức, Thành phố Hồ Chí Minh, Việt Nam","https://maps.app.goo.gl/UUekvEFz4Fr555WJ7",""
2197,"4520","Hồ Chí Minh","BHX_HCM_TDU - 75 Đường 23","Số 75 Đường 23, Khu phố 5, Phường Hiệp Bình Chánh, Thành phố Thủ Đức, Thành phố Hồ Chí Minh, Việt Nam","https://maps.app.goo.gl/bpguQE1ZVSKaWQLm8",""
2200,"4701","Hồ Chí Minh","BHX_HCM_TDU - 1311 Nguyễn Duy Trinh","1311 - 1315 Nguyễn Duy Trinh, Phường Long Trường, Thành phố Thủ Đức, Thành phố Hồ Chí Minh, Việt Nam","https://maps.app.goo.gl/UmJemKXKz8XF2rJF6",""
2202,"4834","Hồ Chí Minh","BHX_HCM_TDU - 61/16 Đường Số 48","61/16 Đường số 48, Khu phố 6, Phường Hiệp Bình Chánh, Thành phố Thủ Đức, Thành phố Hồ Chí Minh, Việt Nam","https://maps.app.goo.gl/MATSW3V2tKFuZKzA7",""
2209,"5273","Hồ Chí Minh","BHX_HCM_TDU - 32 Lã Xuân Oai","32 Lã Xuân Oai, Khu phố 3, Phường Tăng Nhơn Phú A, Thành phố Thủ Đức, Thành phố Hồ Chí Minh, Việt Nam","https://maps.app.goo.gl/SLARR4xAzAhKTuTH8",""
2210,"5453","Hồ Chí Minh","BHX_HCM_TDU - D1/1 Đường 385","D1/1 Đường 385, Khu phố 2, Phường Tăng Nhơn Phú A, Thành phố Thủ Đức, Thành phố Hồ Chí Minh, Việt Nam","https://maps.app.goo.gl/z3PFs3qK8jrNfcfe9",""
2212,"5776","Hồ Chí Minh","BHX_HCM_TDU - 30 Đường Số 3","Số 30 Đường số 3, Khu phố 4, Phường An Khánh, Thành phố Thủ Đức, Thành phố Hồ Chí Minh, Việt Nam","https://maps.app.goo.gl/fZpeQQkdMRsAdezz8",""
2213,"5803","Hồ Chí Minh","BHX_HCM_TDU - 6 Lò Lu","Số 6-6A đường Lò Lu, Khu Phố Phước Hiệp, Phường Trường Thạnh, Thành phố Thủ Đức, Thành phố Hồ Chí Minh, Việt Nam","https://maps.app.goo.gl/ebdgxLrxZwBCJUg7A",""
2215,"5980","Hồ Chí Minh","BHX_HCM_TDU - 12/102 Man Thiện","12/102 Man Thiện, Phường Tăng Nhơn Phú A, Thành phố Thủ Đức, Thành phố Hồ Chí Minh, Việt Nam","https://maps.app.goo.gl/hDrFhqUcadrDb4ca7",""
2216,"6020","Hồ Chí Minh","BHX_HCM_TDU - 1385/1 Nguyễn Duy Trinh","1385/1 - 1387 - 1389 Nguyễn Duy Trinh, Khu phố Phước Lai, Phường Trường Thạnh, Thành phố Thủ Đức, Thành phố Hồ Chí Minh, Việt Nam","https://maps.app.goo.gl/MkXRXYTBBCCMpSZB8",""
2221,"6189","Hồ Chí Minh","BHX_HCM_TDU - 418 Quốc Lộ 13","Số 418 Quốc Lộ 13, Khu phố 6, Phường Hiệp Bình Phước, Thành phố Thủ Đức, Thành phố Hồ Chí Minh, Việt Nam","https://maps.app.goo.gl/1ukVX4qH5Mgdeg2x7",""
2223,"6402","Hồ Chí Minh","BHX_HCM_TDU - 23 Đường Số 6 (Chợ Đại Đoàn Kết)","23-23A Đường số 6, Khu phố 2, Phường Hiệp Bình Chánh, Thành phố Thủ Đức, Thành phố Hồ Chí Minh, Việt Nam","https://maps.app.goo.gl/oVwHNTKKyaMF1Juz7",""
2224,"6581","Hồ Chí Minh","BHX_HCM_TDU - 16A Thái Thuận (Cao Ốc An Thịnh)","Tầng 1, Khu thương mại Cao ốc An Thịnh. Số 16A Thái Thuận, Phường An Phú, Thành phố Thủ Đức, Thành phố Hồ Chí Minh, Việt Nam","https://maps.app.goo.gl/aoUDcVz2WPcV5SDfA",""
2233,"8254","Hồ Chí Minh","BHX_HCM_TDU - 34 Phước Long A","Số 34 đường thủy lợi, Khu phố 3, Phường Phước Long A, Thành phố Thủ Đức, Thành phố Hồ Chí Minh , Việt Nam","https://maps.app.goo.gl/KsJC6ozBo5td3ZQK8",""
2235,"8865","Hồ Chí Minh","BHX_HCM_TDU - 2/14 Đường số 20","Số 2/14 Đường số 20, Khu phố 4, Phường Hiệp Bình Chánh, Quận Thủ Đức, Thành phố Hồ Chí Minh , Việt Nam","https://maps.app.goo.gl/ki7wqBEwgJrehQfs6",""
2239,"9272","Hồ Chí Minh","BHX_HCM_TDU - 342 Nguyễn Duy Trinh","342 - 342A Nguyễn Duy Trinh, ấp Trung 2, Phường Bình Trưng Tây, Thành phố Thủ Đức, Thành phố Hồ Chí Minh, Việt Nam","https://maps.app.goo.gl/4HqHVfFfqjy7JfAH9",""
2246,"10109","Hồ Chí Minh","BHX_HCM_TDU - 81A Đường 339","81-81A Đường 339, Khu phố 4, Phường Phước Long B, Thành phố Thủ Đức, Thành phố Hồ Chí Minh, Việt Nam","https://maps.app.goo.gl/MK7qz2SF6f6b5Pz86",""
2247,"13035","Hồ Chí Minh","BHX_HCM_TDU - Sunview Town","Căn số 0.01 - Tầng trệt - Khối A3 - Chung cư phường Hiệp Bình Phước - Tam Bình, Đường Gò Dưa, Khu phố 4, Phường Hiệp Bình Phước, Thành phố Thủ Đức, Thành phố Hồ Chí Minh, Việt Nam","https://maps.app.goo.gl/fsSpwPy4YYdAsMYv8",""
2248,"13592","Hồ Chí Minh","BHX_HCM_TDU - 520 Nguyễn Xiển","520 Nguyễn Xiển, Phường Long Thạnh Mỹ, Thành phố Thủ Đức, Thành phố Hồ Chí Minh, Việt Nam","https://maps.app.goo.gl/4mh7cyv5SqSbknvu7",""
2249,"13714","Hồ Chí Minh","BHX_HCM_TDU - Vinhomes Grand Park","Cửa hàng 1.01 và 1.02 Tầng 1, Tòa nhà chung cư S10.02 thuộc Khu nhà ở cao tầng - Dự án KDC và công viên Phước Thiện, 88 Phước Thiện, KP.Phước Thiện, P.Long Bình, TP.Thủ Đức, TP.Hồ Chí Minh, Việt Nam","",""
2250,"13733","Hồ Chí Minh","BHX_HCM_TDU - 83 đường số 3","83 Đường số 3, Phường An Khánh, Thành phố Thủ Đức, Thành phố Hồ Chí Minh, Việt Nam","https://maps.app.goo.gl/PJcHyXxxounRTKBB9",""
2252,"17864","Hồ Chí Minh","BHX_HCM_TDU - 454 Võ Chí Công","454 Võ Chí Công, Khu phố 2, Phường Phú Hữu, Thành phố Thủ Đức, Thành phố Hồ Chí Minh, Việt Nam","https://maps.app.goo.gl/QNpuGyWRZAFseBGy6",""
2253,"2379","Hồ Chí Minh","BHX_HCM_GVA - 781 Phạm Văn Bạch","779-781, Đường Phạm Văn Bạch, Phường An Hội Tây, Thành phố Hồ Chí Minh, Việt Nam","https://maps.app.goo.gl/1ovzjCx1WyHrCnN8A",""
2255,"3590","Hồ Chí Minh","BHX_HCM_GVA - 288 Phan Huy Ích","288 - 290 Phan Huy Ích, Phường An Hội Tây, Thành phố Hồ Chí Minh, Việt Nam","https://maps.app.goo.gl/n3MxTDdHVPP58zNn9",""
2256,"3768","Hồ Chí Minh","BHX_HCM_Q12 - 1/44A1 Nguyễn Văn Quá","1/44A1 Nguyễn Văn Quá, Khu Phố 5, Phường Đông Hưng Thuận, Thành phố Hồ Chí Minh, Việt Nam","https://maps.app.goo.gl/sLaRLPhrBofcVPPo8",""
2257,"5757","Hồ Chí Minh","BHX_HCM_GVA - 189 Nguyễn Tư Giản","189 - 191 - 193 Nguyễn Tư Giản, Phường An Hội Tây, Thành phố Hồ Chí Minh, Việt Nam","https://maps.app.goo.gl/QBP2tcrN32cMVpVA8",""
2258,"6117","Hồ Chí Minh","BHX_HCM_Q08 - 1879 Phạm Thế Hiển","Số 1879 - 1881 - 1889/3 Phạm Thế Hiển, Phường Bình Đông, Thành phố Hồ Chí Minh, Việt Nam","https://maps.app.goo.gl/1fbUQW7hmDrYxuTB7",""
2259,"6421","Hồ Chí Minh","BHX_HCM_Q12 - 1036 Nguyễn Văn Quá","1036 Nguyễn Văn Quá, Phường Đông Hưng Thuận, Thành phố Hồ Chí Minh, Việt Nam","https://maps.app.goo.gl/hup925d5y37cpRrJ7",""
2260,"7241","Hồ Chí Minh","BHX_HCM_GVA - 18 Phan Huy Ích","18 Phan Huy Ích, Phường An Hội Tây, Thành phố Hồ Chí Minh, Việt Nam","",""
2261,"13853","Hồ Chí Minh","BHX_HCM_Q10 - 599 Bà Hạt","595-597-581/4/8-581/4/10-599 Bà Hạt, Phường Diên Hồng, Thành phố Hồ Chí Minh, Việt Nam","https://maps.app.goo.gl/HvVff96icAWPsCEw7",""
2262,"14112","Hồ Chí Minh","BHX_HCM_BTH - 41 Nguyễn Văn Lạc","39-41 Nguyễn Văn Lạc, Phường Thạnh Mỹ Tây, Thành phố Hồ Chí Minh, Việt Nam","",""
2263,"14128","Hồ Chí Minh","BHX_HCM_Q08 - 1-3-5 đường số 6","1-3-5 Đường số 6, Phường Bình Đông, Thành phố Hồ Chí Minh, Việt Nam","https://maps.app.goo.gl/aXxDHcNnmQJhXAev6",""
2264,"14135","Hồ Chí Minh","BHX_HCM_TDU - 314 Võ Văn Hát","314 Võ Văn Hát, Phường Long Trường, Thành phố Hồ Chí Minh, Việt Nam","https://maps.app.goo.gl/dR66JLSKj392NCex5",""
2265,"14136","Hồ Chí Minh","BHX_HCM_TDU - 59 đường số 1","59 Đường số 01, Khu dân cư Địa Ốc III, Tổ dân phố 9, Khu phố 2, Phường Long Trường, Thành phố Hồ Chí Minh, Việt Nam","https://maps.app.goo.gl/WD7d62kZzP3knP8V8",""
2266,"14265","Hồ Chí Minh","BHX_HCM_Q07 - 41 Đường N1","41 Đường N1, Phường Phú Thuận, Thành phố Hồ Chí Minh, Việt Nam","https://maps.app.goo.gl/hxP4HhMmNJjusNXDA",""
2267,"14275","Hồ Chí Minh","BHX_HCM_BTH - 96 Đặng Thuỳ Trâm","96 Đặng Thùy Trâm, Phường Bình Lợi Trung, Thành phố Hồ Chí Minh, Việt Nam","https://maps.app.goo.gl/5iuSEVd88tHUybn18",""
2268,"14362","Hồ Chí Minh","BHX_HCM_BTA - 50 Trương Phước Phan","50 Trương Phước Phan, , khu phố 1, Phường Bình Trị Đông, Thành phố Hồ Chí Minh, Việt Nam","https://maps.app.goo.gl/4sPkJVLZepY9RNwB8",""
2269,"14375","Hồ Chí Minh","BHX_HCM_Q06 - 56A Lê Quang Sung","37A-37B Nguyễn Thị Nhỏ, Phường Bình Tây, Thành phố Hồ Chí Minh, Việt Nam","https://maps.app.goo.gl/2xp41DLMkx1mUR7D9",""
2270,"14381","Hồ Chí Minh","BHX_HCM_Q10 - F4-F4C Trường Sơn","F4-F4C Trường Sơn, Phường Hòa Hưng, Thành phố Hồ Chí Minh, Việt Nam","https://maps.app.goo.gl/vvFb6VKqTsmdH1AS9",""
2271,"14390","Hồ Chí Minh","BHX_HCM_TDU - 457 Quốc Lộ 13","457 Quốc Lộ 13, Phường Hiệp Bình, Thành phố Hồ Chí Minh, Việt Nam","https://maps.app.goo.gl/7wKbPra2detbaUUEA",""
2272,"14396","Hồ Chí Minh","BHX_HCM_BTH 352 Chu Văn An","352 Chu Văn An, Phường Bình Lợi Trung, Thành phố Hồ Chí Minh, Việt Nam","https://maps.app.goo.gl/JZMNWc43j6Z62xPEA",""
2273,"14419","Hồ Chí Minh","BHX_HCM _BTA - The Privia Khang Điền","Căn thương mại dịch vụ số TMDV 05, Tầng 01, Block A, Khu nhà ở cao tầng Công ty Khang Phúc, Số 321, Đường An Dương Vương, Phường An Lạc, Thành phố Hồ Chí Minh, Việt Nam","https://maps.app.goo.gl/LAFw2g6dch1N9abT8",""
2274,"14428","Hồ Chí Minh","BHX_HCM_BTA - 162 – 164 Đường Số 1","162-164 Đường số 1, Phường Bình Trị Đông, Thành phố Hồ Chí Minh, Việt Nam","https://maps.app.goo.gl/TXfyWAr2zh973EcV9",""
2275,"14463","Hồ Chí Minh","BHX_HCM_TDU - S6.01 Vinhomes Grand Park","CH số 1.09 và 1.10 Tầng 1, Toà nhà CC S6.01 thuộc Khu nhà ở cao tầng - Dự án KDC và CV Phước Thiện, số 88 Đ. Phước Thiện, KP Phước Thiện, Phường Long Bình, Thành phố Hồ Chí Minh, Việt Nam","",""
2276,"14477","Hồ Chí Minh","BHX_HCM_BTH - 553A Xô Viết Nghệ Tĩnh","553A Xô Viết Nghệ Tĩnh, Phường Bình Thạnh, Thành phố Hồ Chí Minh, Việt Nam","https://maps.app.goo.gl/ws1xR43pSySbZut6A",""
2277,"14517","Hồ Chí Minh","BHX_HCM_TDU - 167 Đường Số 11","167 đường số 11, Khu phố 4, Phường Linh Xuân, Thành phố Hồ Chí Minh, Việt Nam","https://maps.app.goo.gl/opyYvwfPd4gjZR1P6",""
2278,"14555","Hồ Chí Minh","BHX_HCM_Q12 - TX13","Số 53 TX 13, Khu phố 1, Phường Thới An, Thành phố Hồ Chí Minh, Việt Nam","https://maps.app.goo.gl/Gnrb5QirNZfPGaUv8",""
2279,"14556","Hồ Chí Minh","BHX_HCM_Q06 - 240/35+35A1 Nguyễn Văn Luông","240/35A - 240/35A1 Nguyễn Văn Luông, Phường Bình Phú, Thành phố Hồ Chí Minh, Việt Nam","https://maps.app.goo.gl/RU7L9QwmYefjtoHE9",""
2280,"14565","Hồ Chí Minh","BHX_HCM_GVA - 38/3A Quang Trung","38/3A Quang Trung, Phường An Hội Tây, Thành phố Hồ Chí Minh, Việt Nam","https://maps.app.goo.gl/xNDfGGcPgV4dcHLf8",""
2281,"14567","Hồ Chí Minh","BHX_HCM_CCH - Phước Vĩnh An","Thửa đất 632, tờ bản đồ 46, Xã Củ Chi, Thành phố Hồ Chí Minh, Việt Nam","https://maps.app.goo.gl/Lvf8eLTZtywcs8ou7",""
2282,"14570","Hồ Chí Minh","BHX_HCM_TDU - 99A Nguyễn Duy Trinh","99A Nguyễn Duy Trinh, Ấp Ông Nhiêu, Phường Long Trường, Thành phố Hồ Chí Minh, Việt Nam","https://maps.app.goo.gl/fUW1Fg1iqAMFmqkQ8",""
2283,"14599","Hồ Chí Minh","BHX_HCM_CCH - Tân Thạnh Đông","Số 260, Đường Tỉnh lộ 15, Ấp 11, Xã Phú Hòa Đông, Thành phố Hồ Chí Minh, Việt Nam","https://maps.app.goo.gl/KNCz955FZacSyNA29",""
2284,"14621","Hồ Chí Minh","BHX_HCM_HMO - 153 Trịnh Thị Miếng","153 Trịnh Thị Miếng, Xã Đông Thạnh, Thành phố Hồ Chí Minh, Việt Nam","https://maps.app.goo.gl/hvJdGAWMkYb7qZah7",""
2285,"14623","Hồ Chí Minh","BHX_HCM_GVA - 537 Nguyễn Oanh","537/29/2P Nguyễn Oanh, Phường Gò Vấp, Thành phố Hồ Chí Minh, Việt Nam","https://maps.app.goo.gl/ibgE28LWmpE8xB2D8",""
2286,"14634","Hồ Chí Minh","BHX_HCM_TDU - 9 Đường 138","9 đường 138, Ấp Cây Dầu, Phường Tăng Nhơn Phú, Thành phố Hồ Chí Minh, Việt Nam","https://maps.app.goo.gl/oY5gxudBbDbWMSGv9",""
2287,"14650","Hồ Chí Minh","BHX_HCM_BTH - 58 Lê Văn Duyệt","58 Lê Văn Duyệt, Phường Gia Định, Thành phố Hồ Chí Minh, Việt Nam","https://maps.app.goo.gl/Vpn3dZnqX7TsXyLGA",""
2288,"14666","Hồ Chí Minh","BHX_HCM_TDU - 192 Man Thiện","192 Man Thiện, Khu phố 5, Phường Tăng Nhơn Phú, Thành phố Hồ Chí Minh, Việt Nam","https://maps.app.goo.gl/mdUxdH2FfD3otsSTA",""
2289,"14695","Hồ Chí Minh","BHX_HCM_Q11 - 129B Bình Thới","129B đường Bình Thới, Phường Phú Thọ, Thành phố Hồ Chí Minh, Việt Nam","https://maps.app.goo.gl/vpEyD5Gnhkiu9BRJ9",""
2290,"14720","Hồ Chí Minh","BHX_HCM_TDU - 153-155-157 Đại Lộ 3","153-155-157 Đại Lộ 3, Phường Phước Long, Thành phố Hồ Chí Minh, Việt Nam","https://maps.app.goo.gl/kzgRzaT69LzXMZh56",""
2291,"14727","Hồ Chí Minh","BHX_HCM_BCH - F13/2A Ấp 6A","F13/2A Hương Lộ 80, Ấp 6A, Xã Vĩnh Lộc, Thành phố Hồ Chí Minh, Việt Nam","https://maps.app.goo.gl/qFC9Paqjw1RozQBX9",""
2292,"14735","Hồ Chí Minh","BHX_HCM_HMO - 86 Phạm Văn Sáng","86 Phạm Văn Sáng, Ấp 2, Xã Bà Điểm, Thành phố Hồ Chí Minh, Việt Nam","https://maps.app.goo.gl/SXs2LqM9UooLjACw5",""
2293,"14736","Hồ Chí Minh","BHX_HCM_BTH - 46A Ung Văn Khiêm","46A Ung Văn Khiêm, Phường Thạnh Mỹ Tây, Thành phố Hồ Chí Minh, Việt Nam","https://maps.app.goo.gl/xcrgdqph9Z6pWzRV8",""
2294,"14740","Hồ Chí Minh","BHX_HCM_GVA - 855 Thống Nhất","851-853-855 Thống Nhất, Phường An Hội Đông, Thành phố Hồ Chí Minh, Việt Nam","https://maps.app.goo.gl/uAX8cWbSdRRGy3Lo7",""
2295,"14748","Hồ Chí Minh","BHX_HCM_TDU - 68A-68B đường Đình Phong Phú","68A-68B Đình Phong Phú, Phường Tăng Nhơn Phú, Thành phố Hồ Chí Minh, Việt Nam","https://maps.app.goo.gl/4fHUSUrXnPxr2PYr8",""
2296,"14752","Hồ Chí Minh","BHX_HCM_HMO - Phạm Thị Giây","79/2Y Phạm Thị Giây, Xã Đông Thạnh, Thành phố Hồ Chí Minh, Việt Nam","",""
2297,"14761","Hồ Chí Minh","BHX_HCM_Q03 - 45-47 Trần Quang Diệu","45-47 Trần Quang Diệu, Phường Nhiêu Lộc, Thành phố Hồ Chí Minh, Việt Nam","https://maps.app.goo.gl/9gBHaJYJpvQyUpaA8",""
2298,"14762","Hồ Chí Minh","BHX_HCM_TDU - 224 Tô Ngọc Vân","224 Tô Ngọc Vân, Khu phố 3, Phường Linh Đông, Thành phố Thủ Đức, Thành Phố Hồ Chí Minh","https://maps.app.goo.gl/7CdWYbHT35avmryV7",""
2299,"14765","Hồ Chí Minh","BHX_HCM_TPH - 189 Tân Kỳ Tân Quý","189 Tân Kỳ Tân Quý, Phường Tân Sơn Nhì, Thành phố Hồ Chí Minh, Việt Nam","https://maps.app.goo.gl/z9wRFH9BLncV2HJVA",""
2300,"14786","Hồ Chí Minh","BHX_HCM_Q12 - 82 Thạnh Lộc 19","82 Thạnh Lộc 19, Khu phố 3B, Phường An Phú Đông, Thành phố Hồ Chí Minh, Việt Nam","https://maps.app.goo.gl/SiuDBP4Zab2QEABj9",""
2301,"14815","Hồ Chí Minh","BHX_HCM_TDU - 40 Dân Chủ","40 Dân Chủ, Khu phố 3, Phường Thủ Đức, Thành phố Hồ Chí Minh, Việt Nam","https://maps.app.goo.gl/fUNhDVzBpsZLyBA66",""
2302,"14830","Hồ Chí Minh","BHX_HCM_TPH - 187 Tân Sơn Nhì","187 Tân Sơn Nhì, Phường Tân Sơn Nhì, Thành phố Hồ Chí Minh, Việt Nam","https://maps.app.goo.gl/hvhvzFcefQkACpVL8",""
2303,"14844","Hồ Chí Minh","BHX_HCM_HMO - 104/3 Xuân Thới 5","104/3 Xuân Thới 5, Ấp Tân Tiến, Xã Bà Điểm, Thành phố Hồ Chí Minh, Việt Nam","https://maps.app.goo.gl/L73bWQSL8SxZERF37",""
2304,"14846","Hồ Chí Minh","BHX_HCM_BCH - khu Dân Cư 13C","Số 18-20 Đường số 2, Khu dân cư 13C, Ấp 5, Xã Bình Hưng, Thành phố Hồ Chí Minh, Việt Nam","KHÔNG TÌM THẤY",""
2305,"14848","Hồ Chí Minh","BHX_HCM_HMO - 61 Trưng Nữ Vương","61 Trưng Nữ Vương, Xã Hóc Môn, Thành phố Hồ Chí Minh, Việt Nam","https://maps.app.goo.gl/3VQLKPQ56te7ivdz9",""
2306,"14850","Hồ Chí Minh","BHX_HCM_Q06 - 1002-1004 Hậu Giang","1002- 1004 Hậu Giang, Phường Phú Lâm, Thành phố Hồ Chí Minh, Việt Nam","https://maps.app.goo.gl/a3jujX3m48uSJ6Sr6",""
2307,"14930","Hồ Chí Minh","BHX_HCM_Q12 - 180 - 182 Đông Hưng Thuận 02","Một phần nhà số 180 và một phần nhà số 182 đường ĐHT 02, Khu phố 04, Phường Đông Hưng Thuận, Thành phố Hồ Chí Minh, Việt Nam","",""
2308,"14957","Hồ Chí Minh","BHX_HCM_CCH - Tân Thạnh Tây","71 Tỉnh lộ 8, Ấp 1A, Xã Phú Hòa Đông, Thành phố Hồ Chí Minh, Việt Nam","https://maps.app.goo.gl/g77sQbZoM1piBAkRA",""
2309,"15029","Hồ Chí Minh","BHX_HCM_NBE - A.1.01 khu nhà ở Phước Kiển","căn hộ số: A.1.01, Tầng 1, Tháp A, thuộc dự án Khu nhà ở xã Phước Kiển (Lô G và E) Toạ lạc tại Ấp 5, Xã Nhà Bè, Thành phố Hồ Chí Minh, Việt Nam","",""
2310,"15031","Hồ Chí Minh","BHX_HCM_GVA - 12 đường số 8","12 Đường số 8, Phường Thông Tây Hội, Thành phố Hồ Chí Minh, Việt Nam","",""
2311,"15040","Hồ Chí Minh","BHX_HCM_TDU - 38D Cây Keo","38D đường Cây Keo, Khu phố 1, Phường Tam Phú, Thành phố Thủ Đức, Thành Phố Hồ Chí Minh","https://maps.app.goo.gl/GeDqZfpeFoWFxwYJ8",""
2312,"15106","Hồ Chí Minh","BHX_HCM_Q12 - 23 Bùi Công Trừng","23 Bùi Công Trừng, Phường Thới An, Thành phố Hồ Chí Minh, Việt Nam","https://maps.app.goo.gl/TP4ifLcPEUJ8nr3L7",""
2313,"15111","Hồ Chí Minh","BHX_HCM_BCH - C9/17A Dương Đình Cúc","C9/17A Dương Đình Cúc, Ấp 3, Xã Tân Nhựt, Thành phố Hồ Chí Minh, Việt Nam","https://maps.app.goo.gl/4E1P2R1BWTBkbcsq9",""
2314,"15458","Hồ Chí Minh","BHX_HCM_CGI - 03 Tam Thôn Hiệp","Thửa số 66, tờ bản đồ 32, Xã An Thới Đông, Thành phố Hồ Chí Minh, Việt Nam","",""
2315,"15521","Hồ Chí Minh","BHX_HCM_Q07 - 70/3 BisTân Mỹ","70/3 Bis đường Tân Mỹ, khu phố 4, Phường Tân Thuận, Thành phố Hồ Chí Minh, Việt Nam","https://maps.app.goo.gl/iQRqsqErPq3h49RF8",""
2316,"15565","Hồ Chí Minh","BHX_HCM_Q07 - 72-74 Đường số 1","72-74 Đường Số 1, Phường Tân Mỹ, Thành phố Hồ Chí Minh","",""
2317,"15601","Hồ Chí Minh","BHX_HCM_BCH - Lại Hùng Cường","130A Lại Hùng Cường, Ấp 60, Xã Tân Vĩnh Lộc, Thành phố Hồ Chí Minh","https://maps.app.goo.gl/DN8zeGCUtqwqQbqg7",""
2318,"15615","Hồ Chí Minh","BHX_HCM_Q07 - 163 Trần Trọng Cung","163 Trần Trọng Cung, Khu dân cư Nam Long, Phường Tân Thuận, Thành phố Hồ Chí Minh","https://maps.app.goo.gl/CA4HEtBTo4TSKYoJ8",""
2319,"15625","Hồ Chí Minh","BHX_HCM_Q07 - KDC Phú Mỹ","Số 21 Lô L, Đường số 3, Khu dân cư Phú Mỹ, Phường Tân Mỹ, Thành phố Hồ Chí Minh","https://maps.app.goo.gl/GhP8YMxmbZDjjbELA",""
2320,"15648","Hồ Chí Minh","BHX_HCM_CCH - 33 Nguyễn Thị Lừa","33 đường Nguyễn Thị Lừa, Ấp Chợ, Xã Tân An Hội, Thành phố Hồ Chí Minh","https://maps.app.goo.gl/bA6HY3hJqqw4so8v9",""
2321,"15655","Hồ Chí Minh","BHX_HCM_BTD -165 Lê Văn Quới","163 - 165 -165A -165B Lê Văn Quới, Khu phố 2, Phường Bình Trị Đông, Thành phố Hồ Chí Minh","https://maps.app.goo.gl/5n1xSuCt5QhtnBFj6",""
2322,"15668","Hồ Chí Minh","BHX_HCM_HTH - 21-23 Trần Thị Nghỉ","21-23 Trần Thị Nghỉ, Phường Hạnh Thông, Thành phố Hồ Chí Minh","",""
2323,"15675","Hồ Chí Minh","BHX_HCM_PLA - 23 – 25 Đường số 10","23 - 25 Đường số 10 - Cư xá Đài Ra Đa Phú Lâm, Phường Phú Lâm, Thành phố Hồ Chí Minh","",""
2324,"15686","Hồ Chí Minh","BHX_HCM_TSN - 17 Hậu Giang","17 Hậu Giang, Phường Tân Sơn Nhất, Thành phố Hồ Chí Minh","https://maps.app.goo.gl/LwGcXFYuxJVCsinB9",""
2325,"15689","Hồ Chí Minh","BHX_HCM_BHI - Ni Sư Huỳnh Liên","129G-129H, Đường Ni Sư Huỳnh Liên, Phường Bảy Hiền, Thành phố Hồ Chí Minh","https://maps.app.goo.gl/m558zSzb8AeLVPcs7",""
2326,"15713","Hồ Chí Minh","BHX_HCM_APH - KDC Vietsing","Ô 15 DC05, Đường D17 khu dân cư Việt Sing, tổ 8, Khu phố 4, Phường An Phú, Thành phố Hồ Chí Minh","https://maps.app.goo.gl/ttKu7HH6eLuhJ7Nk6",""
2327,"15718","Hồ Chí Minh","BHX_HCM_PLO - 338 Đỗ Xuân Hợp","338 Đỗ Xuân Hợp, Khu phố 4, Phường Phước Long, Thành Phố Hồ Chí Minh","",""
2328,"15723","Hồ Chí Minh","BHX_HCM_DHT - 386 - 388 Nguyễn Văn Quá","386-388 Nguyễn Văn Quá, Khu phố 4, Phường Đông Hưng Thuận, Thành phố Hồ Chí Minh","https://maps.app.goo.gl/b9tWwzCqUon729SS8",""
2329,"15731","Hồ Chí Minh","BHX_HCM_TTH - 296-298 Đường số 8","296-298 Đường số 8, Phường Thông Tây Hội, Thành phố Hồ Chí Minh","https://maps.app.goo.gl/YwJxAmaLgd4u4EAY8",""
2330,"15742","Hồ Chí Minh","BHX_HCM_BMY - Bình Mỹ","Số 483C Đường Bình Mỹ, Xã Bình Mỹ, Thành phố Hồ Chí Minh","https://maps.app.goo.gl/dNwVnjm1w6BXbSm38",""
2331,"15743","Hồ Chí Minh","BHX_HCM_BLT - 399 Phan Văn Trị","399-401 Phan Văn Trị, Phường Bình Lợi Trung, Thành phố Hồ Chí Minh","https://maps.app.goo.gl/hLC6vTVQfZr8Erni6",""
2332,"15745","Hồ Chí Minh","BHX_HCM_ADO - Trần Tuấn Khải","141 Trần Tuấn Khải, Phường An Đông, Thành phố Hồ Chí Minh","https://maps.app.goo.gl/cNF65uCMEDzo83uT9",""
2333,"15757","Hồ Chí Minh","BHX_HCM_VLO - Liên Ấp 6-2","B3/26, Đường Liên Ấp 6-2, Ấp 2A, Xã Vĩnh Lộc, Thành phố Hồ Chí Minh","https://maps.app.goo.gl/FWG3gupZvk1sK3iB9",""
2334,"15766","Hồ Chí Minh","BHX_HCM_TTA - 222A Trần Đại Nghĩa","222A Trần Đại Nghĩa, Phường Tân Tạo, Thành phố Hồ Chí Minh","https://maps.app.goo.gl/3aU8i89KSqyHyCoJA",""
2335,"15767","Hồ Chí Minh","BHX_HCM_TDH - Tân Phú 2","210 Bùi Thị Xuân, Khu phố Tân Phú 2, Phường Tân Đông Hiệp, Thành phố Hồ Chí Minh","https://maps.app.goo.gl/zwi3XFEdTbjXBEKn9",""
2336,"15775","Hồ Chí Minh","BHX_HCM_TTH - 98 Nguyễn An Ninh","98 Nguyễn An Ninh, Phường Tam Thắng, Thành Phố Hồ Chí Minh","",""
2337,"15784","Hồ Chí Minh","BHX_HCM_BHI - Hồng Lạc","169-171-173 Hồng Lạc, Phường Bảy Hiền, Thành phố Hồ Chí Minh","https://maps.app.goo.gl/PPxtuakyMBPk5eAu7",""
2338,"15785","Hồ Chí Minh","BHX_HCM_TNH - 1425 Nguyễn Cửu Phú","1425 Nguyễn Cửu Phú, Ấp 1, Xã Tân Nhựt, Thành phố Hồ Chí Minh","",""
2339,"15794","Hồ Chí Minh","BHX_HCM_TTH - Đường CN1","12H-12J-12K Đường CN1, Phường Tây Thạnh, Thành phố Hồ Chí Minh","https://maps.app.goo.gl/BJBpRuFYGQXZpbJWA",""
2340,"15796","Hồ Chí Minh","BHX_HCM_LBI - 685 Nguyễn Xiển","685 Nguyễn Xiển, Phường Long Bình, Thành Phố Hồ Chí Minh","https://maps.app.goo.gl/f8BtWJp537t2X5rC8",""
2341,"15803","Hồ Chí Minh","BHX_HCM_TPN - 172 Lê Văn Việt","172 Lê Văn Việt, Phường Tăng Nhơn Phú, Thành Phố Hồ Chí Minh","https://maps.app.goo.gl/S67Xx7a43HeYFt6Z6",""
2342,"15815","Hồ Chí Minh","BHX_HCM_PHD - 21/1 Huỳnh Minh Mương","Số 21/1 đường Huỳnh Minh Mương, Ấp 4A, Xã Phú Hòa Đông, Thành phố Hồ Chí Minh","",""
2343,"15822","Hồ Chí Minh","BHX_HCM_TVL - An Hạ","Số 5H20, Đường Kinh An Hạ, Ấp 78, Xã Tân Vĩnh Lộc, Thành phố Hồ Chí Minh","https://maps.app.goo.gl/h26CJkHEdQSUPJxK7",""
2344,"15828","Hồ Chí Minh","BHX_HCM _NBE - 2018 Huỳnh Tấn Phát","418 Huỳnh Tấn Phát, Khu phố 7, Xã Nhà Bè, Thành phố Hồ Chí Minh","https://maps.app.goo.gl/Kw35cAncyjQjciJAA",""
2345,"15830","Hồ Chí Minh","BHX_HCM_TMT - đường TMT-13","57A Đường TMT-13, Phường Trung Mỹ Tây, Thành phố Hồ Chí Minh","https://maps.app.goo.gl/rrer15w7S8eA7vxEA",""
2346,"15854","Hồ Chí Minh","BHX_HCM_NGI - Lê Hồng Phong","254-256 Lê Hồng Phong, Ấp Ngãi Giao, Xã Ngãi Giao, Thành Phố Hồ Chí Minh","https://maps.app.goo.gl/xChCrhGHdJL8w9fE9",""
2347,"27948","Hồ Chí Minh","BHX_HCM_APD - 346C Hà Huy Giáp","376 Hà Huy Giáp, Phường An Phú Đông, Thành phố Hồ Chí Minh","https://maps.app.goo.gl/PzGdA7mdPoiSAndq7",""
2348,"27961","Hồ Chí Minh","BHX_HCM_LXU - 729-731 Kha Vạn Cân","729-731 Kha Vạn Cân, Phường Linh Xuân, Thành Phố Hồ Chí Minh","",""
2349,"27963","Hồ Chí Minh","BHX_HCM_BPH - 389 An Dương Vương","389 An Dương Vương, Phường Bình Phú, Thành phố Hồ Chí Minh","https://maps.app.goo.gl/tTqHjdd9MPmqdzSH8",""
2350,"27969","Hồ Chí Minh","BHX_HCM_DHO - 338 Trần Hưng Đạo","338 Trần Hưng Đạo, Khu phố Đông B, Phường Đông Hòa, Thành phố Hồ Chí Minh","https://maps.app.goo.gl/Cm4vYmWmEAYcWzYc9",""
2351,"27972","Hồ Chí Minh","BHX_HCM_BDI - 971 Phan Văn Hớn","971 Phan Văn Hớn, Xã Bà Điểm, Thành phố Hồ Chí Minh","https://maps.app.goo.gl/94p9JBHwC9kVGs8G8",""
2352,"27973","Hồ Chí Minh","BHX_HCM_TAN - 04 Lê Văn Khương","04 Lê Văn Khương, Phường Thới An, Thành phố Hồ Chí Minh","https://maps.app.goo.gl/uRVpNssdsVaUfxSM6",""
2353,"27985","Hồ Chí Minh","BHX_HCM_TTA - 1613 Tỉnh Lộ 10","1613 Tỉnh Lộ 10, Khu phố 5, Phường Tân Tạo, Thành phố Hồ Chí Minh","https://maps.app.goo.gl/phi9Qi1cXWyRkKzC6",""
2354,"27986","Hồ Chí Minh","BHX_HCM_ADO - 110C Ngô Quyền","110C Ngô Quyền, Phường An Đông, Thành Phố Hồ Chí Minh","https://maps.app.goo.gl/UWUP6Sr5G8pf6GVu5",""
2355,"28002","Hồ Chí Minh","BHX_HCM_BDI - 8/4 Nguyễn Ảnh Thủ","8/4 Nguyễn Ảnh Thủ, Ấp Hưng Lân 1, Xã Bà Điểm, Thành phố Hồ Chí Minh","",""
2356,"28003","Hồ Chí Minh","BHX_HCM_HMO  - 102/5D Tân Hiệp","102/5D Đường Liên Xã Thị Trấn, Ấp Tân Thới 2, Xã Hóc Môn, Thành phố Hồ Chí Minh","",""
2357,"28021","Hồ Chí Minh","BHX_HCM_APD - 46 Hà Huy Giáp","46/6 - 46/8 - 46/8A Hà Huy Giáp, Phường An Phú Đông, Thành phố Hồ Chí Minh","https://maps.app.goo.gl/jhegsh5zNrEawNc79",""
2358,"28022","Hồ Chí Minh","BHX_HCM_GDI - 29A Hoàng Hoa Thám","29A Hoàng Hoa Thám, Phường Gia Định, Thành phố Hồ Chí Minh","https://maps.app.goo.gl/FShX3hVW1uQJ5j4t5",""
2359,"28023","Hồ Chí Minh","BHX_HCM_BMY - 1824 Tỉnh Lộ 8","1824 Tỉnh Lộ 8, Ấp 38, Xã Bình Mỹ, Thành phố Hồ Chí Minh","",""
2360,"28030","Hồ Chí Minh","BHX_HCM_TMT - 48A Trung Mỹ Tây 2A","36 - 48A đường TMT 2A, Khu phố 5, Phường Trung Mỹ Tây, Thành phố Hồ Chí Minh","https://maps.app.goo.gl/CcR2mdEJgqCDMcoz9",""
2361,"28031","Hồ Chí Minh","BHX_HCM_CCH - 122A Tỉnh Lộ 2","122A Tỉnh Lộ 2, Ấp Xóm Đông, Xã Củ Chi, Thành phố Hồ Chí Minh","",""
2362,"28032","Hồ Chí Minh","BHX_HCM_PHD - 1426 Tỉnh Lộ 8","1426 Tỉnh lộ 8, Ấp 12, Xã Phú Hòa Đông, Thành phố Hồ Chí Minh","https://maps.app.goo.gl/ibvYADDyY9gJrpub6",""
2363,"28034","Hồ Chí Minh","BHX_HCM_BLT - 280 Lê Quang Định","280 Lê Quang Định, Phường Bình Lợi Trung, Thành phố Hồ Chí Minh","https://maps.app.goo.gl/dfLtWQbT79UzZqEt8",""
2364,"28044","Hồ Chí Minh","BHX_HCM_SGO - 76 Nguyễn Văn Thủ","76 (Tầng 1 p.1/5) Nguyễn Văn Thủ, Phường Sài Gòn, Thành phố Hồ Chí Minh","",""
2365,"28051","Hồ Chí Minh","BHX_HCM_BLT - 330A Nguyễn Xí","328A-330A Nguyễn Xí, Phường Bình Lợi Trung, Thành phố Hồ Chí Minh","",""
2366,"28053","Hồ Chí Minh","BHX_HCM_CCH - 92 Liêu Bình Hương","92 Liêu Bình Hương, Ấp Tân Tiến, Xã Củ Chi, Thành phố Hồ Chí Minh","https://maps.app.goo.gl/M8CMrRYsgn8TEypn7",""
2367,"28059","Hồ Chí Minh","BHX_HCM_TSH  - B84 Bạch Đằng","B84 Bạch Đằng, Phường Tân Sơn Hoà, Thành phố Hồ Chí Minh","https://maps.app.goo.gl/ePJME4QmAN45vbeF9",""
2368,"28060","Hồ Chí Minh","BHX_HCM_ALA - Số AL-A-18,19 Lê Thành An Lạc","Số AL-A-18,19, Khu nhà ở Lê Thành An Lạc, Phường An Lạc, Thành phố Hồ Chí Minh","https://maps.app.goo.gl/N4Tu4pZ7CXQLybsa6",""
2369,"28092","Hồ Chí Minh","BHX_HCM_TAH - Nguyễn Văn Khạ","196 Nguyễn Văn Khạ, Xã Tân An Hội, Thành phố Hồ Chí Minh","",""
2370,"28105","Hồ Chí Minh","BHX_HCM_PHD - 159 Tỉnh Lộ 15","159 Tỉnh Lộ 15, Ấp 1, Xã Phú Hòa Đông, Thành phố Hồ Chí Minh","",""
2371,"28107","Hồ Chí Minh","BHX_HCM_TTH - 322 Nguyễn Thị Kiểu","322 Nguyễn Thị Kiểu, Khu phố 24, Phường Tân Thới Hiệp, Thành phố Hồ Chí Minh","",""
2372,"28108","Hồ Chí Minh","BHX_HCM_XTS - 14/6 Nguyễn Văn Bứa","14/6 Nguyễn Văn Bứa, Ấp 4, Xã Xuân Thới Sơn, Thành phố Hồ Chí Minh","https://maps.app.goo.gl/Cy3ngmVVEXLYKSPZ9",""
2373,"28114","Hồ Chí Minh","BHX_HCM_HMO - 37/3A Ấp Chánh 2","218 Nguyễn Thị Ai, Ấp 46, Xã Hóc Môn, Thành phố Hồ Chí Minh","",""
2374,"28116","Hồ Chí Minh","BHX_HCM_CCH - 14 Liêu Bình Hương","14 Liêu Bình Hương, Ấp Tân Tiến, Xã Củ Chi, Thành phố Hồ Chí Minh","https://maps.app.goo.gl/nDgEFY3HuDgS3UbS7",""
2375,"28138","Hồ Chí Minh","BHX_HCM_THO - Khu DC Ấp 1","Thửa đất số 2222 tờ bản đồ số 20, Khu phố 1, Phường Thới Hòa, Thành phố Hồ Chí Minh","https://maps.app.goo.gl/JUiavBvqYw8DtoAd9",""
2376,"28173","Hồ Chí Minh","BHX_HCM_BHI - 210 Nguyễn Thái Bình","210 Nguyễn Thái Bình, Phường Bảy Hiền, Thành phố Hồ Chí Minh","",""
2377,"28193","Hồ Chí Minh","BHX_HCM_APH - An Phú","108C/5 Đường 22 tháng 12, Khu phố 4, Phường An Phú, Thành phố Hồ Chí Minh","https://maps.app.goo.gl/qgwvYseueDefLfP67",""
2378,"28201","Hồ Chí Minh","BHX_HCM_MTH - Minh Hoà","Thửa đất số: 27, Tờ bản đồ số: 12 ấp 3, xã Minh Hòa, huyện Dầu Tiếng, tỉnh Bình Dương (Nay là ấp Hoà Cường, xã Minh Thạnh, thành phố Hồ Chí Minh) Thửa đất số: 35, Tờ bản đồ số: 12 ấp Hòa Cường, xã Minh Hòa, huyện Dầu Tiếng, tỉnh Bình Dương (Nay là ấp Hoà Cường, xã Minh Thạnh, thành phố Hồ Chí Minh)","",""
2379,"28202","Hồ Chí Minh","BHX_HCM_NGI - Suối Nghệ","Thửa đất số 739, tờ bản đồ số 36, Đường tỉnh 992, Xã Ngãi Giao, Thành phố Hồ Chí Minh","https://maps.app.goo.gl/WrZXYZ4rXEyHNEH97",""
2380,"28218","Hồ Chí Minh","BHX_HCM_PDI - Chung Cư Diamond Riverside","Căn hộ số 0.08 - 0.09 (Trệt và Lầu 1), Block D, Khu căn hộ cao tầng Diamond Riverside, 1646A Võ Văn Kiệt, Phường Bình Phú, Thành phố Hồ Chí Minh","",""
2381,"28228","Hồ Chí Minh","BHX_HCM_HTH - 2 Phạm Huy Thông","02 Phạm Huy Thông, Phường Hạnh Thông, Thành phố Hồ Chí Minh","",""
2382,"28262","Hồ Chí Minh","BHX_HCM_BDO - 1438B Phạm Thế Hiển","1438B Phạm Thế Hiển, Phường Bình Đông, Thành Phố Hồ Chí Minh","https://maps.app.goo.gl/qG8pQMi3WfcWip549",""
2383,"28263","Hồ Chí Minh","BHX_HCM_BPH - 24 Lý Chiêu Hoàng","24 Lý Chiêu Hoàng, Phường Bình Phú, Thành phố Hồ Chí Minh","https://maps.app.goo.gl/88pCMAEVE1VzZhvn8",""
2384,"28276","Hồ Chí Minh","BHX_HCM_BTR -  4A Nguyễn Thị Định","4A - 162C Nguyễn Thị Định, Phường Bình Trưng, Thành phố Hồ Chí Minh","https://maps.app.goo.gl/rtpN6wUBLHdqB1nJ6",""
2385,"28577","Hồ Chí Minh","BHX_HCM_HBI - 8A  Quốc Lộ 13 cũ","Số 8A đường Quốc Lộ 13 cũ, Phường Hiệp Bình, Thành phố Hồ Chí Minh","",""
2386,"28670","Hồ Chí Minh","BHX_HCM_TDU - 20 đường số 3","20 Đường số 3, Khu phố 51, Phường Thủ Đức, Thành phố Hồ Chí Minh","",""
